Entity Name,Entity ID,Fiscal Year,Hangar Space Rentals_Operating Revenues,Aircraft Parking_Operating Revenues,Building Rentals_Operating Revenues,Lease of Ground Area_Operating Revenues,Fuel Flowage Fees_Operating Revenues,"Landing, Gate, and Ramp Fees_Operating Revenues",Concession Revenues_Operating Revenues,Sales and Services_Operating Revenues,Other Operating Revenues_Operating Revenues,Total Operating Revenues,Landing Areas_Maintenance and Operation_Operating Expenses,Aircraft Parking_Maintenance and Operation_Operating Expenses,Hangars_Maintenance and Operation_Operating Expenses,Terminal Buildings and Areas_Maintenance and Operation_Operating Expenses,Other Buildings and Areas_Maintenance and Operation_Operating Expenses,General Shops and Equipment_Maintenance and Operation_Operating Expenses,Personnel Services_Operating Expenses,Contractual Services_Operating Expenses,Materials and Supplies_Operating Expenses,General and Administrative Expenses_Operating Expenses,Cost of Sales and Services_Operating Expenses,Depreciation and Amortization Expenses_Operating Expenses,Other Operating Expenses_Operating Expenses,Total Operating Expenses,Operating Income (Loss),Investment Income_Nonoperating Revenues,"Rents, Leases, Concessions, and Royalties_Nonoperating Revenues",Passenger Facility Charges_Nonoperating Revenues,Aid for Construction_Intergovernmental ? Federal_Nonoperating Revenues,Other Intergovernmental ? Federal_Intergovernmental ? Federal_Nonoperating Revenues,Aid for Construction_Intergovernmental ? State_Nonoperating Revenues,In-Lieu Taxes_Intergovernmental ? State_Nonoperating Revenues,Other Intergovernmental ? State_Intergovernmental ? State_Nonoperating Revenues,Intergovernmental ? County_Nonoperating Revenues,Intergovernmental ? Other_Nonoperating Revenues,Gain on Disposal of Capital Assets_Nonoperating Revenues,Other Nonoperating Revenues_Nonoperating Revenues,Total Nonoperating Revenues,Interest Expense_Nonoperating Expenses,Taxes and Assessments_Nonoperating Expenses,Judgments and Damages_Nonoperating Expenses,Loss on Disposal of Capital Assets_Nonoperating Expenses,Other Nonoperating Expenses_Nonoperating Expenses,Total Nonoperating Expenses,"Income (Loss) Before Capital Contributions, Transfers, and Special and Extraordinary Items",Federal_Capital Contributions,State_Capital Contributions,County_Capital Contributions,Other Government_Capital Contributions,Other Capital Contributions_Capital Contributions,Total Capital Contributions,Transfers In,Transfers Out,Special Item_Special and Extraordinary Items,Extraordinary Item_Special and Extraordinary Items,Total Special and Extraordinary Items,Change in Net Position,"Net Position (Deficit), Beginning of Fiscal Year",Adjustment,Reason for Adjustment,"Net Position (Deficit), End of Fiscal Year",Net Investment in Capital Assets_Net Position (Deficit),Restricted_Net Position (Deficit),Unrestricted_Net Position (Deficit),Total Net Position (Deficit),Total Acreage_Statistics,Length of Longest Runway Surfaced_Statistics,Length of Longest Runway Unimproved_Statistics,Length of Longest Taxiway Surfaced_Statistics,Length of Longest Taxiway Unimproved_Statistics,Parking Apron Acreage Surfaced_Statistics,Parking Apron Acreage Unimproved_Statistics,Aircraft Tie-Down Acreage_Statistics,Auto Parking Acreage_Statistics,Total Number of Tenant Aircraft_Statistics,Number of Hangars_Statistics,Total Aircraft Movements_Statistics,Annual Fuel Consumption (Gallons)_Statistics,Year of Acquisition_Statistics,Number of Passengers Enplaned_Statistics,Number of Passengers Deplaned_Statistics,Pounds of Air Cargo and Express_Statistics,Pounds of Mail_Statistics,Number of Air Carriers Scheduled per Day_Statistics,Are airport services provided by other than the local agency? (Report Yes or No)_Statistics
Auburn,1149,2024,NULL,NULL,725250,NULL,NULL,NULL,NULL,172194,11544,908988,NULL,NULL,NULL,NULL,NULL,NULL,523900,176279,392610,NULL,NULL,614681,NULL,1707470,-798482,191590,NULL,NULL,288753,NULL,57960,88602,NULL,NULL,NULL,NULL,NULL,626905,NULL,NULL,NULL,NULL,NULL,0,-171577,NULL,NULL,NULL,NULL,NULL,0,NULL,-25000,NULL,NULL,0,-196577,11134411,433118,Correction of error in leases and correction of beginning balance,11370952,8583889,NULL,2787063,11370952,252,369,NULL,NULL,NULL,8,NULL,NULL,2,273,113,75000,181985,1946,NULL,NULL,NULL,NULL,NULL,No
Bakersfield,1153,2024,83347,NULL,210309,NULL,5600,NULL,NULL,NULL,110991,410247,NULL,NULL,NULL,NULL,NULL,NULL,NULL,NULL,NULL,392482,NULL,118356,90070,600908,-190661,52668,NULL,NULL,NULL,NULL,NULL,NULL,NULL,NULL,NULL,NULL,NULL,52668,NULL,NULL,NULL,NULL,NULL,0,-137993,NULL,NULL,NULL,NULL,NULL,0,NULL,-10242,NULL,NULL,0,-148235,11602456,28396,Correction of beginning balance.,11482617,10719010,NULL,763607,11482617,252,4000,NULL,4000,NULL,7,NULL,NULL,NULL,85,56,20000,80682,1986,NULL,NULL,NULL,NULL,NULL,Yes
Banning,1155,2024,NULL,NULL,NULL,NULL,NULL,NULL,NULL,NULL,NULL,0,NULL,NULL,NULL,NULL,NULL,NULL,NULL,NULL,NULL,NULL,NULL,NULL,NULL,0,0,NULL,NULL,NULL,NULL,NULL,NULL,NULL,NULL,NULL,NULL,NULL,NULL,0,NULL,NULL,NULL,NULL,NULL,0,0,NULL,NULL,NULL,NULL,NULL,0,NULL,NULL,NULL,NULL,0,0,2316340,-2316340,Fund is nonmajor see Form 13,0,NULL,NULL,NULL,0,NULL,NULL,NULL,NULL,NULL,NULL,NULL,NULL,NULL,NULL,NULL,NULL,NULL,NULL,NULL,NULL,NULL,NULL,NULL,No
Brawley,1172,2024,113897,NULL,NULL,NULL,NULL,NULL,NULL,NULL,NULL,113897,NULL,NULL,NULL,NULL,NULL,NULL,13195,NULL,82421,16680,NULL,457868,NULL,570164,-456267,16602,NULL,NULL,NULL,NULL,NULL,NULL,NULL,NULL,10000,NULL,NULL,26602,NULL,NULL,NULL,NULL,NULL,0,-429665,NULL,NULL,NULL,NULL,NULL,0,NULL,-613,NULL,NULL,0,-430278,5357227,NULL,NULL,4926949,4428569,NULL,498380,4926949,128,4166,NULL,4166,NULL,9,NULL,4,1,54,61,3484,72565,1940,NULL,NULL,NULL,NULL,NULL,No
Calexico,1181,2024,NULL,NULL,NULL,NULL,NULL,NULL,NULL,354281,50,354331,NULL,NULL,NULL,NULL,NULL,NULL,188638,NULL,119104,NULL,NULL,362020,5588,675350,-321019,NULL,NULL,NULL,NULL,NULL,NULL,NULL,23250,NULL,NULL,NULL,NULL,23250,NULL,NULL,NULL,NULL,NULL,0,-297769,NULL,NULL,NULL,NULL,NULL,0,140000,NULL,NULL,NULL,0,-157769,6701609,NULL,NULL,6543840,6479061,NULL,64779,6543840,257,5179,NULL,4679,NULL,48,NULL,15,NULL,13,16,3040,29821,1946,9120,9120,NULL,NULL,NULL,No
California City,1182,2024,22698,NULL,2400,16644,18033,NULL,NULL,NULL,8855,68630,22944,NULL,NULL,16040,NULL,NULL,20982,NULL,NULL,60852,NULL,280877,NULL,401695,-333065,NULL,NULL,NULL,NULL,20000,NULL,NULL,10000,NULL,NULL,NULL,NULL,30000,NULL,NULL,NULL,NULL,NULL,0,-303065,NULL,NULL,NULL,NULL,NULL,0,93768,NULL,NULL,NULL,0,-209297,2179997,280160,to adjust beginning balance,2250860,3443405,-1191828,-717,2250860,213,6024,NULL,6024,NULL,7,NULL,4,1,16,28,1460,16778,1963,NULL,NULL,NULL,NULL,NULL,No
Calipatria,1184,2024,0,NULL,NULL,6285,NULL,NULL,NULL,NULL,NULL,6285,NULL,NULL,NULL,NULL,NULL,NULL,NULL,24460,NULL,1971,NULL,NULL,NULL,26431,-20146,NULL,NULL,NULL,NULL,NULL,NULL,NULL,NULL,NULL,NULL,NULL,NULL,0,NULL,NULL,NULL,NULL,NULL,0,-20146,NULL,NULL,NULL,NULL,NULL,0,NULL,NULL,NULL,NULL,0,-20146,252993,NULL,NULL,232847,166068,NULL,66779,232847,200,3440,NULL,3440,NULL,1,NULL,1,1,NULL,1,2,NULL,1949,NULL,NULL,NULL,NULL,NULL,No
Chico,1197,2024,84709,NULL,642681,NULL,34158,28013,NULL,NULL,NULL,789561,NULL,NULL,NULL,NULL,NULL,NULL,493105,217806,31794,389927,NULL,1264724,24727,2422083,-1632522,13266,NULL,NULL,14650,NULL,NULL,NULL,NULL,NULL,NULL,NULL,9589,37505,NULL,NULL,NULL,NULL,NULL,0,-1595017,NULL,NULL,NULL,NULL,NULL,0,NULL,-55468,NULL,NULL,0,-1650485,20798305,NULL,NULL,19147820,17881021,NULL,1266799,19147820,1475,6724,0,6442,3745,45,52,45,6,141,122,34863,512000,1949,0,0,462000,0,0,No
Chowchilla,1200,2024,43508,NULL,NULL,NULL,NULL,NULL,NULL,NULL,2326,45834,NULL,NULL,NULL,NULL,NULL,NULL,22892,538,15757,NULL,NULL,26713,NULL,65900,-20066,8671,NULL,NULL,NULL,NULL,NULL,NULL,10000,14237,NULL,NULL,NULL,32908,NULL,NULL,NULL,NULL,NULL,0,12842,NULL,NULL,NULL,NULL,NULL,0,NULL,NULL,NULL,NULL,0,12842,993305,1133,To adjust to FY2023 audited financial statements,1007280,757611,NULL,249669,1007280,98,3250,NULL,3250,NULL,2,1,1,9,15,30,8340,NULL,1949,NULL,NULL,NULL,NULL,NULL,No
Cloverdale,1206,2024,51332,NULL,NULL,NULL,51221,NULL,NULL,NULL,NULL,102553,NULL,NULL,NULL,NULL,NULL,NULL,8732,12515,1631,29832,42729,68102,NULL,163541,-60988,NULL,NULL,NULL,NULL,NULL,NULL,NULL,45035,NULL,NULL,NULL,550,45585,NULL,NULL,NULL,NULL,NULL,0,-15403,NULL,NULL,NULL,NULL,NULL,0,1398,NULL,NULL,NULL,0,-14005,11886053,NULL,NULL,11872048,11803952,NULL,68096,11872048,67,2909,NULL,2845,NULL,3,NULL,1,NULL,20,20,NULL,7283,1960,NULL,NULL,NULL,NULL,NULL,No
Corning,1218,2024,NULL,NULL,16959,NULL,NULL,NULL,NULL,NULL,10000,26959,NULL,NULL,NULL,NULL,NULL,NULL,13008,NULL,NULL,81139,NULL,79014,NULL,173161,-146202,1866,NULL,NULL,52956,NULL,NULL,NULL,NULL,NULL,NULL,NULL,NULL,54822,NULL,NULL,NULL,NULL,36806,36806,-128186,NULL,NULL,NULL,NULL,NULL,0,NULL,NULL,NULL,NULL,0,-128186,3529041,50369,Prior Period Adjustment  Related to GASB 68,3451224,3369558,NULL,81666,3451224,244,3300,NULL,2700,NULL,12,NULL,5,1,23,15,NULL,NULL,1948,NULL,NULL,NULL,NULL,NULL,No
Corona,1219,2024,422417,46927,NULL,NULL,35752,NULL,NULL,NULL,NULL,505096,NULL,NULL,NULL,NULL,NULL,NULL,80081,204,104981,NULL,NULL,14297,10818,210381,294715,66998,NULL,NULL,NULL,NULL,NULL,NULL,NULL,NULL,1692,NULL,NULL,68690,NULL,NULL,NULL,NULL,NULL,0,363405,NULL,NULL,NULL,NULL,NULL,0,NULL,NULL,NULL,NULL,0,363405,1555740,NULL,NULL,1919145,5057,NULL,1914088,1919145,96,3200,NULL,3200,NULL,30,10,40,3,332,298,45000,171417,NULL,NULL,NULL,NULL,NULL,NULL,Yes
Delano,1236,2024,25775,NULL,26891,174745,81688,NULL,NULL,21923,NULL,331022,NULL,NULL,NULL,NULL,NULL,NULL,26704,34528,165372,NULL,NULL,123632,NULL,350236,-19214,45497,NULL,NULL,NULL,NULL,NULL,NULL,NULL,NULL,NULL,NULL,NULL,45497,NULL,NULL,NULL,NULL,NULL,0,26283,NULL,NULL,NULL,NULL,NULL,0,NULL,NULL,NULL,NULL,0,26283,3385711,NULL,NULL,3411994,NULL,NULL,3411994,3411994,486,5651,5300,7000,2300,8,NULL,8,1,14,32,292,9970,1972,183,129,0,NULL,NULL,No
Dunsmuir,1246,2024,22115,267,NULL,2473,NULL,NULL,NULL,NULL,NULL,24855,NULL,NULL,NULL,NULL,NULL,NULL,24546,11736,2684,13988,NULL,170842,NULL,223796,-198941,NULL,NULL,NULL,7691,NULL,NULL,NULL,10000,NULL,NULL,NULL,NULL,17691,NULL,NULL,NULL,NULL,NULL,0,-181250,NULL,NULL,NULL,NULL,NULL,0,NULL,NULL,NULL,NULL,0,-181250,4398827,2323,Adjust to audited financial statements,4219900,4252253,NULL,-32353,4219900,26,2800,450,100,NULL,1,NULL,1,1,12,15,2100,9769,1964,NULL,NULL,NULL,NULL,NULL,No
El Paso De Robles,1252,2024,NULL,NULL,1094217,21465,125954,96316,NULL,NULL,1069,1339021,NULL,NULL,NULL,NULL,NULL,NULL,404385,NULL,NULL,774436,NULL,447830,NULL,1626651,-287630,507490,NULL,NULL,NULL,NULL,NULL,NULL,NULL,NULL,NULL,NULL,89898,597388,12882,NULL,NULL,NULL,NULL,12882,296876,455388,10000,NULL,NULL,NULL,465388,NULL,-44949,NULL,NULL,0,717315,18471492,NULL,NULL,19188807,15790807,NULL,3398000,19188807,1300,6008,0,6200,0,14,0,14,2,223,156,44000,1046217,1973,5000,5000,10000,10000,0,Yes
Fresno,1277,2024,774469,7875,9895786,13827397,244638,5599548,7801423,2390885,-255691,40286330,234480,NULL,NULL,3765531,NULL,NULL,10496543,25924,582671,10517991,NULL,12373379,NULL,37996519,2289811,8157165,NULL,4936636,NULL,6354664,NULL,NULL,NULL,NULL,NULL,NULL,2658834,22107299,6973646,NULL,NULL,NULL,67996,7041642,17355468,13303310,NULL,NULL,NULL,NULL,13303310,NULL,-258850,NULL,NULL,0,30399928,207905656,NULL,NULL,238305584,77457980,5147979,155699625,238305584,1875,9539,NULL,10500,NULL,93,NULL,38,32,286,303,90769,2299992,1946,1290073,1306881,21627362,209,8,No
Fullerton,1278,2024,1243724,158105,576606,24679,56171,NULL,11324,NULL,61938,2132547,NULL,NULL,NULL,NULL,NULL,NULL,NULL,NULL,NULL,4706841,NULL,448762,NULL,5155603,-3023056,381465,NULL,NULL,NULL,NULL,NULL,NULL,26621,NULL,NULL,NULL,123987,532073,4803,NULL,NULL,NULL,NULL,4803,-2495786,NULL,NULL,NULL,NULL,532425,532425,NULL,NULL,NULL,NULL,0,-1963361,20630748,NULL,NULL,18667387,18997017,NULL,-329630,18667387,86,3121,NULL,3121,NULL,36,NULL,36,3,350,149,82000,386232,1927,NULL,NULL,NULL,NULL,NULL,Yes
Gustine,1292,2024,22992,NULL,NULL,NULL,79831,NULL,NULL,NULL,472,103295,NULL,NULL,NULL,NULL,NULL,2416,NULL,NULL,NULL,142897,84608,81658,NULL,311579,-208284,NULL,NULL,NULL,NULL,15399,NULL,NULL,NULL,NULL,NULL,NULL,NULL,15399,NULL,NULL,NULL,NULL,NULL,0,-192885,NULL,NULL,NULL,NULL,NULL,0,NULL,NULL,NULL,NULL,0,-192885,901016,NULL,NULL,708131,1010323,NULL,-302192,708131,94,3200,NULL,200,NULL,5,NULL,NULL,NULL,NULL,NULL,NULL,NULL,NULL,NULL,NULL,NULL,NULL,NULL,No
Hanford,1294,2024,60509,NULL,NULL,94968,225809,NULL,NULL,NULL,13532,394818,NULL,NULL,8265,NULL,NULL,193594,46426,NULL,NULL,NULL,NULL,319509,NULL,567794,-172976,7519,NULL,NULL,NULL,75000,NULL,NULL,NULL,NULL,NULL,NULL,3952,86471,NULL,NULL,NULL,NULL,NULL,0,-86505,NULL,NULL,NULL,NULL,NULL,0,NULL,-5012,NULL,NULL,0,-91517,5921463,760,Beginning balance adjustment,5830706,5920397,NULL,-89691,5830706,297,5179,NULL,5180,NULL,8,NULL,8,1,74,42,15000,36000,1950,NULL,NULL,NULL,NULL,NULL,No
Hawthorne,1296,2024,NULL,NULL,NULL,NULL,NULL,NULL,NULL,676319,878830,1555149,NULL,NULL,NULL,NULL,NULL,NULL,NULL,161802,36176,857146,53244,358266,NULL,1466634,88515,NULL,NULL,NULL,NULL,NULL,NULL,NULL,NULL,NULL,NULL,NULL,NULL,0,NULL,NULL,NULL,NULL,NULL,0,88515,NULL,NULL,NULL,NULL,NULL,0,NULL,-119231,NULL,NULL,0,-30716,9257604,NULL,NULL,9226888,7664584,NULL,1562304,9226888,80,4884,0,4884,0,15,1,11,1,152,80,51757,1207122,1948,5083,4900,0,0,1,No
Hayward,1297,2024,1425289,NULL,77772,2209574,NULL,NULL,NULL,NULL,914393,4627028,NULL,NULL,NULL,NULL,NULL,NULL,2114933,1274474,6700,774721,NULL,925336,NULL,5096164,-469136,633746,NULL,NULL,NULL,NULL,NULL,NULL,NULL,NULL,NULL,NULL,NULL,633746,NULL,NULL,NULL,NULL,NULL,0,164610,NULL,NULL,NULL,NULL,NULL,0,NULL,-359980,NULL,NULL,0,-195370,18147194,NULL,NULL,17951824,11664467,NULL,6287357,17951824,521,5694,NULL,8994,NULL,2,NULL,4,NULL,447,207,111756,1822023,1947,NULL,NULL,NULL,NULL,NULL,No
Healdsburg,1298,2024,145948,1530,NULL,63266,168146,NULL,42858,NULL,7025,428773,NULL,NULL,NULL,NULL,NULL,NULL,13245,NULL,1247370,44865,NULL,125736,NULL,1431216,-1002443,12757,NULL,NULL,742184,NULL,NULL,NULL,NULL,NULL,NULL,NULL,NULL,754941,NULL,NULL,NULL,NULL,NULL,0,-247502,NULL,NULL,NULL,NULL,820022,820022,NULL,NULL,NULL,NULL,0,572520,3778036,NULL,NULL,4350556,3904577,NULL,445979,4350556,50,2652,NULL,3000,NULL,1,NULL,2,NULL,54,49,21900,27670,1976,NULL,NULL,NULL,NULL,NULL,No
Hollister,1306,2024,767671,9443,254163,332334,20573,27285,NULL,NULL,71942,1483411,NULL,NULL,NULL,NULL,NULL,NULL,NULL,NULL,NULL,1570259,NULL,NULL,NULL,1570259,-86848,NULL,NULL,NULL,NULL,NULL,NULL,NULL,NULL,NULL,NULL,NULL,NULL,0,3,NULL,NULL,NULL,NULL,3,-86851,NULL,NULL,NULL,NULL,NULL,0,NULL,NULL,NULL,NULL,0,-86851,18102101,NULL,NULL,18015250,18856715,NULL,-841465,18015250,NULL,NULL,NULL,NULL,NULL,NULL,NULL,NULL,NULL,NULL,NULL,NULL,NULL,NULL,NULL,NULL,NULL,NULL,NULL,No
Lincoln,1350,2024,777971,NULL,NULL,NULL,1252245,NULL,NULL,NULL,37643,2067859,NULL,NULL,NULL,NULL,NULL,NULL,321882,90197,946259,125247,NULL,214110,NULL,1697695,370164,39874,NULL,NULL,NULL,27615,NULL,61266,NULL,NULL,NULL,NULL,NULL,128755,NULL,NULL,NULL,NULL,101391,101391,397528,NULL,NULL,NULL,NULL,NULL,0,NULL,-163398,NULL,NULL,0,234130,107612,32000,Prior period adjustment,373742,5316633,NULL,-4942891,373742,774,6001,NULL,6001,NULL,16,NULL,16,0,323,218,95000,165631,1942,437,462,NULL,NULL,NULL,No
Livermore,1353,2024,2756368,14313,85639,328417,120159,NULL,NULL,381462,14982,3701340,NULL,NULL,NULL,NULL,NULL,NULL,1954655,248857,69855,624031,NULL,329642,NULL,3227040,474300,672840,NULL,NULL,NULL,NULL,NULL,NULL,NULL,NULL,NULL,NULL,643334,1316174,96283,NULL,NULL,NULL,NULL,96283,1694191,151000,NULL,NULL,NULL,NULL,151000,NULL,NULL,NULL,NULL,0,1845191,22449941,-25648,Restatement (FS Note 19),24269484,17007389,NULL,7262095,24269484,644,5253,0,5720,0,173,0,12,1,466,393,183190,1026203,1961,0,0,0,0,0,No
Lompoc,1358,2024,368137,NULL,NULL,NULL,NULL,NULL,NULL,237456,4315312,4920905,NULL,NULL,NULL,NULL,NULL,NULL,81812,NULL,NULL,NULL,NULL,793197,361659,1236668,3684237,-99206,NULL,NULL,NULL,NULL,NULL,NULL,NULL,NULL,NULL,NULL,NULL,-99206,1102,NULL,NULL,NULL,NULL,1102,3583929,NULL,NULL,NULL,NULL,NULL,0,44746,NULL,NULL,NULL,0,3628675,14044922,NULL,NULL,17673597,17712825,NULL,-39228,17673597,193,4600,0,4600,0,17,0,9,1,81,78,10000,38451,1991,0,0,0,0,0,No
Long Beach,1359,2024,NULL,NULL,563000,11056000,204000,25389000,11186000,NULL,15348000,63746000,6266000,NULL,NULL,3984000,NULL,NULL,15381000,5078000,1103000,1221000,NULL,17284000,15843000,66160000,-2414000,2855000,NULL,NULL,NULL,NULL,NULL,NULL,NULL,NULL,NULL,NULL,1814000,4669000,4766000,NULL,NULL,NULL,NULL,4766000,-2511000,17695000,NULL,NULL,NULL,NULL,17695000,NULL,-119000,NULL,NULL,0,15065000,289255000,NULL,NULL,304320000,264071000,44981000,-4732000,304320000,1175,10000,NULL,5808,NULL,10,NULL,50,30,303,91,389031,29118946,1924,2072058,2081818,32235265,227561,46,No
Los Angeles,1364,2024,12723140,11924725,923580609,132274617,5647882,347646053,512406226,9686593,2221185,1958111030,50717980,NULL,NULL,235232932,NULL,48186404,320515533,193704169,21243443,96032349,NULL,765423101,NULL,1731055911,227055119,182040917,NULL,151506267,NULL,2491557,NULL,NULL,NULL,NULL,NULL,NULL,83580002,419618743,431491908,NULL,NULL,11153681,30226539,472872128,173801734,117645372,NULL,212481,800000,9948313,128606166,NULL,NULL,NULL,NULL,0,302407900,6132040548,NULL,NULL,6434448448,5298165250,593303183,542980015,6434448448,21530,12923,NULL,15340,NULL,NULL,NULL,NULL,13150,NULL,38,912514,NULL,1928,38339553,38176503,4657008000,128152508,125,No
Los Banos,1365,2024,NULL,411,103520,NULL,NULL,NULL,152091,NULL,299,256321,NULL,NULL,NULL,NULL,NULL,NULL,22344,15294,3655,22293,120120,92652,59661,336019,-79698,35065,NULL,NULL,NULL,NULL,NULL,7590,10000,NULL,NULL,NULL,NULL,52655,NULL,NULL,NULL,63307,NULL,63307,-90350,NULL,NULL,NULL,NULL,NULL,0,NULL,NULL,NULL,NULL,0,-90350,1629586,NULL,NULL,1539236,672960,NULL,866276,1539236,124,3800,NULL,3800,NULL,2,NULL,2,1,25,28,NULL,38722,1940,NULL,NULL,NULL,NULL,NULL,No
Madera,1369,2024,172190,5058,11300,NULL,NULL,NULL,NULL,3710,321445,513703,NULL,NULL,NULL,NULL,NULL,NULL,212221,NULL,40988,279872,NULL,297675,16785,847541,-333838,64890,NULL,NULL,NULL,NULL,NULL,NULL,NULL,NULL,NULL,NULL,154308,219198,NULL,NULL,NULL,NULL,NULL,0,-114640,NULL,NULL,NULL,NULL,1174527,1174527,9840,-36782,NULL,NULL,0,1032945,11879814,-1,Beginning balance adjustment,12912758,11122887,NULL,1789871,12912758,920,5544,3702,6345,2600,16,NULL,6,1,128,109,53600,80047,1947,NULL,NULL,NULL,NULL,NULL,No
Marina,1375,2024,141485,1183599,NULL,NULL,NULL,149562,NULL,386772,NULL,1861418,6646,NULL,NULL,88195,120320,48919,390211,121767,NULL,338106,290236,721287,NULL,2125687,-264269,209837,NULL,NULL,NULL,NULL,NULL,NULL,NULL,NULL,NULL,NULL,NULL,209837,NULL,NULL,NULL,NULL,NULL,0,-54432,NULL,NULL,NULL,NULL,41671,41671,80292,-974800,NULL,NULL,0,-907269,47904431,-569381,audit report was not finalized ,46427781,44869009,NULL,1558772,46427781,1060,3483,NULL,3483,NULL,13,NULL,8,4,49,52,12499,59997,1995,NULL,NULL,NULL,NULL,NULL,No
Merced,1382,2024,164202,1302,63630,37708,8101,21004,NULL,5700,50,301697,NULL,NULL,NULL,NULL,NULL,NULL,319206,NULL,NULL,-18410,NULL,453837,NULL,754633,-452936,104738,NULL,NULL,NULL,3627670,NULL,NULL,NULL,NULL,NULL,NULL,56000,3788408,NULL,NULL,NULL,NULL,NULL,0,3335472,NULL,NULL,NULL,NULL,NULL,0,269873,-14778,NULL,NULL,0,3590567,3724475,NULL,NULL,7315042,7374139,13302222,-13361319,7315042,450,5914,NULL,5914,NULL,10,NULL,16,2,66,91,58650,111384,1940,4777,4588,274759,0,1,No
Modesto,1387,2024,NULL,NULL,NULL,NULL,NULL,NULL,NULL,948663,13023,961686,NULL,NULL,NULL,NULL,NULL,NULL,390866,148817,117214,75049,NULL,656160,351115,1739221,-777535,117465,319847,NULL,NULL,NULL,NULL,NULL,NULL,NULL,NULL,NULL,765925,1203237,NULL,NULL,NULL,NULL,2001,2001,423701,NULL,NULL,NULL,NULL,NULL,0,NULL,NULL,NULL,NULL,0,423701,11596511,NULL,NULL,12020212,8408422,NULL,3611790,12020212,450,5911,NULL,5911,NULL,150,NULL,28,20,157,133,49543,762736,1936,NULL,NULL,439380,NULL,NULL,No
Montague,1389,2024,7977,NULL,NULL,NULL,441,NULL,NULL,NULL,NULL,8418,NULL,NULL,10218,NULL,NULL,3117,NULL,NULL,NULL,NULL,NULL,32542,NULL,45877,-37459,NULL,NULL,NULL,NULL,NULL,NULL,NULL,10000,NULL,5000,NULL,NULL,15000,NULL,NULL,NULL,NULL,NULL,0,-22459,NULL,NULL,NULL,NULL,NULL,0,NULL,NULL,NULL,NULL,0,-22459,615285,NULL,NULL,592826,377093,NULL,215733,592826,330,3360,2080,3360,NULL,6,1,3,1,15,17,1300,6340,1925,300,300,1040000,NULL,2,No
Oakdale,1413,2024,181100,NULL,NULL,NULL,NULL,NULL,NULL,442013,604,623717,NULL,NULL,NULL,NULL,NULL,NULL,27236,38622,118880,NULL,376148,186172,NULL,747058,-123341,7380,NULL,NULL,NULL,NULL,NULL,5223,20000,NULL,NULL,NULL,NULL,32603,NULL,NULL,NULL,NULL,NULL,0,-90738,-133633,NULL,NULL,NULL,NULL,-133633,NULL,NULL,NULL,NULL,0,-224371,6084566,NULL,NULL,5860195,5419857,NULL,440338,5860195,120,3011,NULL,3011,NULL,2,NULL,4,1,80,22,NULL,35000,NULL,NULL,NULL,NULL,NULL,NULL,No
Oakland,1414,2024,6405686,418425,55154265,25536094,3566962,38488582,67798762,3859833,6851391,208080000,NULL,NULL,NULL,NULL,NULL,NULL,34738000,54062000,1551000,29302000,8026000,64767000,42292000,234738000,-26658000,24545000,NULL,20678000,NULL,25180000,NULL,NULL,NULL,NULL,NULL,NULL,3472000,73875000,2855816,NULL,NULL,664000,5407184,8927000,38290000,18453638,9362,NULL,NULL,NULL,18463000,NULL,NULL,NULL,NULL,0,56753000,0,-56753000,Transfer to Harbor P&L Statement,0,NULL,NULL,NULL,0,2600,10000,NULL,NULL,NULL,NULL,NULL,NULL,71,193,154,221222,102639832,NULL,5603253,5626102,1106920,7205111,13,No
Oceanside,1416,2024,NULL,NULL,NULL,NULL,NULL,NULL,NULL,NULL,149508,149508,NULL,NULL,NULL,NULL,NULL,NULL,NULL,NULL,NULL,NULL,NULL,76046,18642,94688,54820,49030,NULL,NULL,NULL,NULL,NULL,NULL,NULL,NULL,NULL,NULL,NULL,49030,NULL,NULL,NULL,NULL,NULL,0,103850,NULL,NULL,NULL,NULL,NULL,0,NULL,NULL,NULL,NULL,0,103850,3654271,NULL,NULL,3758121,4288223,NULL,-530102,3758121,3000,NULL,3000,NULL,NULL,NULL,NULL,NULL,NULL,87,44,30167,143521,NULL,NULL,NULL,NULL,NULL,NULL,Yes
Oroville,1423,2024,175691,NULL,194020,NULL,256725,NULL,NULL,NULL,2476,628912,NULL,NULL,NULL,NULL,NULL,NULL,194238,416785,33759,NULL,NULL,264754,NULL,909536,-280624,16241,NULL,NULL,NULL,39209,NULL,NULL,NULL,NULL,NULL,NULL,NULL,55450,NULL,NULL,NULL,NULL,NULL,0,-225174,NULL,NULL,NULL,NULL,NULL,0,NULL,-87114,NULL,NULL,0,-312288,4540691,NULL,NULL,4228403,NULL,NULL,4228403,4228403,920,6020,NULL,6000,NULL,8,NULL,5,1,42,42,NULL,63425,1948,1210000,NULL,NULL,NULL,NULL,No
Palm Springs,1428,2024,59158970,NULL,NULL,NULL,NULL,NULL,NULL,NULL,NULL,59158970,NULL,NULL,NULL,NULL,2734,NULL,17007784,NULL,3682964,2537252,NULL,5008626,12270244,40509604,18649366,4355741,NULL,NULL,NULL,NULL,NULL,NULL,NULL,NULL,3588083,2475,NULL,7946299,525216,NULL,NULL,NULL,NULL,525216,26070449,NULL,NULL,NULL,NULL,NULL,0,NULL,NULL,NULL,NULL,0,26070449,157010228,NULL,NULL,183080677,91662416,3053359,88364902,183080677,940,10000,0,10000,0,48,0,15,21,69,84,60874,25263309,1949,1634536,1441576,508726,0,15,Yes
Palo Alto,1430,2024,NULL,NULL,NULL,NULL,NULL,NULL,NULL,2182002,968030,3150032,NULL,NULL,NULL,NULL,NULL,NULL,NULL,NULL,NULL,2755405,NULL,85726,NULL,2841131,308901,-26603,NULL,NULL,NULL,NULL,NULL,NULL,NULL,NULL,NULL,NULL,NULL,-26603,59466,NULL,NULL,NULL,27113,86579,195719,3177922,NULL,NULL,NULL,NULL,3177922,NULL,-1500,NULL,NULL,0,3372141,39650173,NULL,NULL,43022314,45481673,NULL,-2459359,43022314,102,2443,NULL,2443,NULL,40,3,40,2,398,63,151002,506163,1934,NULL,NULL,NULL,NULL,NULL,No
Petaluma,1438,2024,1210328,6786,NULL,NULL,747095,NULL,NULL,1223,NULL,1965432,NULL,NULL,NULL,NULL,NULL,NULL,528349,169717,134027,356843,515187,352522,643,2057288,-91856,42145,NULL,NULL,NULL,638668,NULL,NULL,NULL,180337,NULL,NULL,NULL,861150,31868,NULL,NULL,NULL,NULL,31868,737426,NULL,NULL,NULL,NULL,NULL,0,NULL,NULL,NULL,NULL,0,737426,12334089,NULL,NULL,13071515,11930912,NULL,1140603,13071515,220,3600,NULL,3700,NULL,7,NULL,7,1,179,214,50000,130000,1985,NULL,NULL,54000,NULL,NULL,No
Porterville,1452,2024,45961,480,6300,196230,1270,46800,15311,1650727,9435,1972514,NULL,NULL,NULL,NULL,10331,33735,382852,5671,584,188554,1157119,460527,NULL,2239373,-266859,308171,NULL,NULL,NULL,NULL,10000,NULL,NULL,NULL,NULL,NULL,NULL,318171,880,NULL,NULL,NULL,NULL,880,50432,3619496,NULL,NULL,NULL,NULL,3619496,7070,NULL,NULL,NULL,0,3676998,10648852,NULL,NULL,14325850,8941248,NULL,5384602,14325850,728,5908,NULL,5908,NULL,8,NULL,8,3,89,52,NULL,304159,1948,NULL,NULL,NULL,NULL,NULL,No
Red Bluff,1460,2024,NULL,NULL,105612,NULL,NULL,NULL,NULL,NULL,25062,130674,NULL,NULL,NULL,NULL,NULL,NULL,NULL,NULL,NULL,33558,NULL,161887,48728,244173,-113499,16700,NULL,NULL,NULL,NULL,NULL,NULL,NULL,NULL,10000,NULL,179260,205960,NULL,NULL,NULL,NULL,NULL,0,92461,NULL,NULL,NULL,NULL,196478,196478,NULL,-95289,NULL,NULL,0,193650,2642771,NULL,NULL,2836421,2185385,NULL,651036,2836421,601,5431,NULL,3935,NULL,7,NULL,7,1,129,81,37000,43778,1927,1500,1500,14000,NULL,NULL,No
Redding,1461,2024,653897,5314,691140,441034,199619,195355,887728,NULL,-3290,3070797,26230,NULL,NULL,65284,NULL,286624,1724383,471939,200688,1047669,NULL,1841941,NULL,5664758,-2593961,-1688,NULL,347786,NULL,340394,NULL,NULL,NULL,NULL,NULL,249792,396457,1332741,13459,NULL,NULL,NULL,NULL,13459,-1274679,66718,16629,NULL,NULL,51221,134568,NULL,-307236,NULL,NULL,0,-1447347,37108880,NULL,NULL,35661533,38940353,NULL,-3278820,35661533,1862,7003,7400,6500,0,30,0,24,5,331,241,46359,2041663,1927,91251,90863,1156163,0,5,Yes
Redlands,1462,2024,NULL,NULL,189236,134839,1838,15498,NULL,NULL,4777,346188,NULL,NULL,NULL,NULL,NULL,NULL,204623,NULL,47898,235618,NULL,223085,48281,759505,-413317,28207,NULL,NULL,49550,NULL,NULL,NULL,NULL,NULL,NULL,NULL,104411,182168,30316,NULL,NULL,NULL,NULL,30316,-261465,NULL,NULL,NULL,NULL,NULL,0,NULL,NULL,NULL,NULL,0,-261465,2698671,NULL,NULL,2437206,3308771,NULL,-871565,2437206,180,4505,NULL,4505,NULL,25,3,18,3,235,201,65000,88000,1966,NULL,NULL,NULL,NULL,NULL,No
Reedley,1465,2024,124032,NULL,122177,NULL,NULL,NULL,NULL,NULL,1137,247346,NULL,NULL,NULL,NULL,NULL,NULL,74431,75655,299226,NULL,NULL,161312,NULL,610624,-363278,13369,NULL,NULL,NULL,247760,NULL,15866,NULL,NULL,NULL,NULL,NULL,276995,NULL,NULL,NULL,NULL,NULL,0,-86283,NULL,NULL,NULL,NULL,NULL,0,578583,NULL,NULL,NULL,0,492300,4772299,NULL,NULL,5264599,4741926,NULL,522673,5264599,43,3300,240,NULL,NULL,NULL,NULL,NULL,NULL,68,59,NULL,18000,1975,NULL,NULL,0,NULL,NULL,Yes
Rialto,1466,2024,NULL,NULL,NULL,NULL,NULL,NULL,NULL,NULL,151799,151799,NULL,NULL,NULL,NULL,NULL,NULL,NULL,NULL,NULL,1258,NULL,NULL,NULL,1258,150541,NULL,NULL,NULL,NULL,NULL,NULL,NULL,NULL,NULL,NULL,NULL,20,20,NULL,NULL,NULL,NULL,NULL,0,150561,NULL,NULL,NULL,NULL,NULL,0,NULL,NULL,NULL,NULL,0,150561,9565947,NULL,NULL,9716508,NULL,NULL,9716508,9716508,NULL,NULL,NULL,NULL,NULL,NULL,NULL,NULL,NULL,NULL,NULL,NULL,NULL,NULL,NULL,NULL,NULL,NULL,NULL,Yes
Rio Vista,1470,2024,179620,1496,NULL,38128,NULL,NULL,37849,NULL,4482,261575,NULL,NULL,NULL,84078,NULL,NULL,36221,95161,76524,13278,NULL,391206,NULL,696468,-434893,8555,NULL,NULL,NULL,39882,NULL,NULL,10000,NULL,NULL,NULL,NULL,58437,3848,NULL,NULL,NULL,3536,7384,-383840,NULL,NULL,NULL,NULL,NULL,0,NULL,NULL,NULL,NULL,0,-383840,6091684,NULL,NULL,5707844,6625268,NULL,-917424,5707844,273,4200,NULL,4200,NULL,2,NULL,2,1,56,56,NULL,35099,1995,NULL,NULL,NULL,NULL,NULL,No
Riverside,1473,2024,597232,NULL,208985,990831,NULL,NULL,NULL,NULL,241609,2038657,NULL,NULL,NULL,NULL,NULL,NULL,809336,133462,30152,235086,NULL,752696,456845,2417577,-378920,126341,NULL,NULL,NULL,46340,NULL,NULL,NULL,NULL,NULL,NULL,113647,286328,22028,NULL,NULL,20241,NULL,42269,-134861,69139,NULL,NULL,NULL,NULL,69139,1000000,NULL,NULL,NULL,0,934278,21316072,3476,Correction of beginning balance.,22253826,20488000,37982,1727844,22253826,525,5401,NULL,5401,NULL,23,NULL,17,2,205,167,144092,549322,1949,NULL,NULL,NULL,NULL,NULL,Yes
Salinas,1482,2024,1985767,NULL,NULL,NULL,NULL,NULL,NULL,NULL,143233,2129000,NULL,NULL,NULL,NULL,NULL,NULL,948765,385076,138009,71369,NULL,955744,12313,2511276,-382276,378256,NULL,NULL,NULL,NULL,NULL,NULL,NULL,NULL,NULL,NULL,323454,701710,NULL,NULL,NULL,NULL,NULL,0,319434,NULL,NULL,NULL,NULL,NULL,0,NULL,-120522,NULL,NULL,0,198912,17648649,-2233,Beginning balance restated,17845328,15144186,NULL,2701142,17845328,785,6004,NULL,6050,NULL,15,NULL,15,1,205,219,49994,672407,1946,NULL,NULL,NULL,NULL,NULL,No
San Diego,1489,2024,NULL,561858,2661268,1676943,330511,130929,3974439,44383,23269,9403600,566942,461689,172769,888668,2010976,114019,1460090,934209,59556,340225,0,3593423,3070,10605636,-1202036,889867,NULL,NULL,NULL,180000,NULL,NULL,NULL,NULL,NULL,NULL,116671,1186538,NULL,NULL,NULL,NULL,8659,8659,-24157,NULL,NULL,NULL,NULL,115733,115733,NULL,NULL,NULL,NULL,0,91576,63074158,NULL,NULL,63165734,45210989,NULL,17954745,63165734,1425,7972,NULL,11434,NULL,7,NULL,31,3,570,493,450649,4005477,NULL,NULL,NULL,NULL,NULL,NULL,No
San Francisco,1492,2024,12777297,8686492,511743941,22220693,22336159,323335933,161927028,89223889,249138644,1401390076,NULL,NULL,NULL,NULL,NULL,NULL,316284514,114854302,19175237,7206263,NULL,358872028,160164114,976556458,424833618,156780102,NULL,112601952,NULL,279629,NULL,NULL,NULL,NULL,NULL,NULL,7085495,276747178,379692407,NULL,NULL,24565106,35199229,439456742,262124054,63908998,NULL,NULL,NULL,NULL,63908998,NULL,-55599895,NULL,NULL,0,270433157,-822917011,NULL,NULL,-552483854,-1934425443,997587885,384353704,-552483854,2275,11870,NULL,12150,NULL,426,NULL,NULL,278,NULL,8,379839,NULL,NULL,25515536,25614735,1143080580,37233343,67,No
San Jose,1496,2024,331781,88599,81979760,10989944,2667369,33175027,24555636,59614696,8019339,221422151,24933814,466457,1746765,48638738,NULL,NULL,NULL,NULL,NULL,25182921,18770901,57192314,NULL,176931910,44490241,17751320,NULL,22483810,NULL,10315349,NULL,NULL,NULL,NULL,NULL,NULL,10771851,61322330,39761053,NULL,NULL,NULL,8834433,48595486,57217085,17290553,NULL,NULL,NULL,NULL,17290553,715663,NULL,NULL,NULL,0,75223301,313217817,NULL,NULL,388441118,183325648,58201477,146913993,388441118,1124,11000,NULL,11000,NULL,79,NULL,7,55,71,46,163761,89831234,1945,5963267,5978110,62987781,1051012,293,No
Santa Barbara,1510,2024,NULL,NULL,NULL,22119478,NULL,NULL,NULL,9821623,197740,32138841,NULL,NULL,NULL,NULL,NULL,NULL,11604098,NULL,16337182,NULL,NULL,6713936,NULL,34655216,-2516375,2196704,NULL,NULL,5991085,NULL,NULL,NULL,NULL,NULL,NULL,NULL,188823,8376612,1294420,NULL,NULL,NULL,NULL,1294420,4565817,3333,NULL,NULL,NULL,NULL,3333,NULL,-604914,NULL,NULL,0,3964236,147475874,140720,PY ACFR had not been issued at the time of FTR prep,151580830,132539685,5049861,13991284,151580830,952,6052,4184,6052,NULL,4,0,11,14,148,31,99873,4000956,NULL,659136,655524,3110186,NULL,20,No
Santa Monica,1516,2024,5835004,422828,8933270,1384366,50764,404957,NULL,NULL,194849,17226038,39040,NULL,NULL,NULL,1383227,47500,2210682,4160369,14374094,3189222,NULL,287778,2470494,28162406,-10936368,1978700,NULL,NULL,NULL,NULL,NULL,NULL,NULL,NULL,NULL,NULL,1389803,3368503,NULL,NULL,NULL,NULL,NULL,0,-7567865,NULL,NULL,NULL,NULL,NULL,0,17871,-647599,NULL,NULL,0,-8197593,46381672,NULL,NULL,38184079,3190720,NULL,34993359,38184079,227,3500,NULL,4350,NULL,NULL,NULL,8,10,212,210,55300,486786,1919,NULL,NULL,NULL,NULL,NULL,No
South Lake Tahoe,1539,2024,701135,NULL,432932,107127,71277,324270,11748,NULL,19693,1668182,396114,NULL,NULL,540953,9719,52748,971492,745352,NULL,109674,NULL,1448357,NULL,4274409,-2606227,99261,NULL,NULL,NULL,NULL,NULL,NULL,NULL,NULL,NULL,NULL,8991,108252,1818,NULL,NULL,54535,NULL,56353,-2554328,571047,20003,NULL,NULL,NULL,591050,NULL,NULL,NULL,NULL,0,-1963278,18599502,NULL,NULL,16636224,16259046,NULL,377178,16636224,378,8541,NULL,8541,NULL,18,NULL,10,2,38,57,26483,353017,NULL,NULL,NULL,NULL,NULL,NULL,Yes
Susanville,1547,2024,92986,NULL,NULL,NULL,4586,NULL,NULL,NULL,11909,109481,NULL,NULL,NULL,NULL,NULL,NULL,31101,5854,16313,70131,NULL,158160,NULL,281559,-172078,3089,NULL,NULL,111209,NULL,NULL,NULL,NULL,NULL,NULL,NULL,NULL,114298,386,NULL,NULL,NULL,NULL,386,-58166,NULL,NULL,NULL,NULL,NULL,0,NULL,NULL,NULL,NULL,0,-58166,3478155,-719403,Adjustment to match prior year ending audited financial statements.,2700586,2579733,NULL,120853,2700586,111,4050,2100,4050,NULL,3,1,2,111,38,34,10500,61288,1928,NULL,NULL,NULL,NULL,NULL,No
Tehachapi,1550,2024,210187,955,155849,15071,NULL,NULL,NULL,485195,11377,878634,NULL,NULL,NULL,NULL,NULL,NULL,347119,56936,18842,269118,417482,105986,NULL,1215483,-336849,5396,NULL,NULL,NULL,NULL,NULL,NULL,NULL,NULL,NULL,NULL,NULL,5396,4106,NULL,NULL,15006,NULL,19112,-350565,2143928,7981,NULL,NULL,NULL,2151909,3103,NULL,NULL,NULL,0,1804447,1834718,NULL,NULL,3639165,4769539,NULL,-1130374,3639165,230,4035,NULL,4050,NULL,NULL,NULL,3,NULL,83,83,10000,96000,1981,NULL,NULL,NULL,NULL,NULL,No
Torrance,1556,2024,3411220,221223,NULL,13407340,7331,NULL,NULL,NULL,1213766,18260880,NULL,NULL,136180,86822,NULL,838887,890455,4263853,4007,668916,NULL,260581,1096,7150797,11110083,5164100,NULL,NULL,NULL,NULL,NULL,NULL,NULL,NULL,NULL,NULL,NULL,5164100,NULL,NULL,NULL,NULL,NULL,0,16274183,NULL,NULL,NULL,NULL,NULL,0,NULL,-10454994,NULL,NULL,0,5819189,30874487,NULL,NULL,36693676,8374460,NULL,28319216,36693676,370,5001,3000,5000,NULL,NULL,NULL,NULL,NULL,577,432,149718,166548,1948,NULL,NULL,NULL,NULL,NULL,No
Tracy,1557,2024,239322,NULL,NULL,128864,NULL,NULL,494180,NULL,NULL,862366,NULL,NULL,NULL,NULL,NULL,NULL,337445,66047,597174,33627,NULL,1133825,NULL,2168118,-1305752,22622,NULL,NULL,41684,NULL,NULL,NULL,NULL,NULL,NULL,NULL,NULL,64306,NULL,NULL,NULL,NULL,NULL,0,-1241446,16314,NULL,NULL,NULL,NULL,16314,NULL,NULL,NULL,NULL,0,-1225132,12978402,NULL,NULL,11753270,12290270,NULL,-537000,11753270,310,4002,NULL,4002,NULL,22,14,4,4,103,76,58765,103853,1949,NULL,NULL,NULL,NULL,NULL,No
Tulare,1560,2024,57225,16,2028,52321,NULL,NULL,3991,NULL,15220,130801,NULL,NULL,NULL,NULL,NULL,NULL,11788,32625,234626,8166,NULL,NULL,228207,515412,-384611,NULL,NULL,NULL,NULL,NULL,NULL,NULL,30000,NULL,NULL,NULL,NULL,30000,NULL,NULL,NULL,NULL,NULL,0,-354611,NULL,NULL,NULL,NULL,NULL,0,50000,NULL,NULL,NULL,0,-304611,3178324,41991,To adjust beg bal to match fs,2915704,3353527,NULL,-437823,2915704,208,3914,3914,3914,2424,4,3,4,NULL,44,40,19101,35524,1971,NULL,NULL,NULL,NULL,NULL,No
Ukiah,1565,2024,436322,NULL,NULL,NULL,NULL,19743,NULL,1272401,NULL,1728466,NULL,NULL,NULL,NULL,NULL,NULL,NULL,NULL,NULL,237683,733469,210490,694183,1875825,-147359,5584,NULL,NULL,NULL,NULL,NULL,NULL,NULL,NULL,NULL,NULL,NULL,5584,48595,NULL,NULL,NULL,NULL,48595,-190370,2260687,NULL,NULL,NULL,NULL,2260687,NULL,NULL,NULL,NULL,0,2070317,4898872,NULL,NULL,6969189,8404119,NULL,-1434930,6969189,160,5000,NULL,5000,NULL,7,NULL,5,2,87,73,17034,182945,1940,NULL,NULL,2010000,85500,4,No
Victorville,1571,2024,NULL,1302299,NULL,9897239,382140,167956,NULL,NULL,1425808,13175442,NULL,NULL,NULL,NULL,NULL,NULL,3664583,2312896,42271,3948289,NULL,9480389,730887,20179315,-7003873,4998166,NULL,NULL,NULL,NULL,NULL,NULL,NULL,NULL,NULL,NULL,22197204,27195370,16804585,NULL,NULL,NULL,NULL,16804585,3386912,NULL,NULL,NULL,NULL,1723221,1723221,NULL,NULL,NULL,NULL,0,5110133,-107158027,NULL,NULL,-102047894,-130492014,NULL,28444120,-102047894,2200,13052,NULL,10447,NULL,83,230,0,16,307,18,13865,2468016,1994,10199,10052,0,NULL,NULL,No
Visalia,1573,2024,519053,208720,209,159017,1241086,NULL,111415,NULL,160423,2399923,NULL,NULL,NULL,NULL,NULL,NULL,545319,NULL,NULL,1418309,NULL,277479,NULL,2241107,158816,153106,NULL,NULL,NULL,NULL,NULL,NULL,NULL,NULL,NULL,NULL,336504,489610,NULL,NULL,NULL,NULL,92720,92720,555706,NULL,NULL,NULL,NULL,NULL,0,NULL,NULL,NULL,NULL,0,555706,11467567,NULL,NULL,12023273,10785505,112000,1125768,12023273,806,6561,NULL,6561,NULL,10,NULL,3,1,197,136,71000,288512,1935,NULL,NULL,3650000,NULL,NULL,No
Watsonville,1579,2024,1560205,NULL,NULL,1996263,NULL,NULL,NULL,1305126,16300,4877894,NULL,NULL,NULL,NULL,NULL,NULL,1542190,560681,1373990,507912,882093,411285,NULL,5278151,-400257,20331,NULL,NULL,NULL,NULL,NULL,NULL,NULL,NULL,NULL,NULL,NULL,20331,NULL,NULL,NULL,NULL,NULL,0,-379926,NULL,NULL,NULL,NULL,NULL,0,NULL,-5057,NULL,NULL,0,-384983,9139197,NULL,NULL,8754214,9145235,NULL,-391021,8754214,330,4502,NULL,4502,NULL,3,NULL,7,1,309,221,60000,208437,1948,NULL,NULL,NULL,NULL,NULL,No
Willits,1590,2024,78353,NULL,NULL,NULL,NULL,NULL,NULL,NULL,NULL,78353,NULL,NULL,NULL,NULL,NULL,NULL,47895,121457,6351,42470,NULL,NULL,NULL,218173,-139820,NULL,NULL,NULL,NULL,NULL,NULL,NULL,NULL,NULL,NULL,NULL,NULL,0,NULL,NULL,NULL,NULL,NULL,0,-139820,NULL,NULL,NULL,NULL,NULL,0,NULL,NULL,NULL,NULL,0,-139820,997217,17245,Unaudited TB,874642,1149405,NULL,-274763,874642,NULL,NULL,NULL,NULL,NULL,NULL,NULL,NULL,NULL,NULL,NULL,NULL,NULL,NULL,NULL,NULL,NULL,NULL,NULL,No
Woodlake,1594,2024,24580,NULL,19000,NULL,13198,NULL,NULL,NULL,NULL,56778,2171,NULL,NULL,2828,NULL,NULL,2400,951,NULL,10858,20222,2344,NULL,41774,15004,1867,NULL,NULL,NULL,NULL,NULL,NULL,10000,NULL,NULL,NULL,NULL,11867,NULL,NULL,NULL,NULL,NULL,0,26871,NULL,NULL,NULL,NULL,NULL,0,NULL,NULL,NULL,NULL,0,26871,133172,NULL,NULL,160043,25786,NULL,134257,160043,80,2303,NULL,NULL,NULL,2,NULL,1,NULL,19,22,4400,3960,2005,NULL,NULL,NULL,NULL,NULL,No
Auburn,1149,2023,NULL,NULL,532936,NULL,NULL,NULL,NULL,128869,NULL,661805,NULL,NULL,NULL,NULL,NULL,126800,320203,13961,165657,NULL,NULL,572479,NULL,1199100,-537295,164373,NULL,NULL,534052,NULL,NULL,86769,NULL,NULL,NULL,NULL,NULL,785194,NULL,NULL,NULL,NULL,NULL,0,247899,NULL,NULL,NULL,NULL,NULL,0,NULL,-25000,NULL,NULL,0,222899,10890693,20819,To adjust beginning to PY audited balance,11134411,9038446,NULL,2095965,11134411,252,3699,NULL,3684,NULL,8,NULL,NULL,2,208,153,75000,216887,1946,NULL,NULL,NULL,NULL,NULL,No
Bakersfield,1153,2023,104538,NULL,228073,NULL,2743,NULL,NULL,NULL,273913,609267,NULL,NULL,NULL,NULL,NULL,NULL,NULL,NULL,NULL,345809,NULL,124031,16510,486350,122917,19350,NULL,NULL,NULL,NULL,NULL,NULL,NULL,NULL,NULL,NULL,NULL,19350,NULL,NULL,NULL,NULL,NULL,0,142267,NULL,NULL,NULL,NULL,NULL,0,NULL,-10242,NULL,NULL,0,132025,11437865,32566,Beginning balance restated,11602456,10681474,NULL,920982,11602456,252,4000,NULL,4000,NULL,7,NULL,NULL,NULL,85,56,20000,80682,1986,NULL,NULL,NULL,NULL,NULL,Yes
Banning,1155,2023,138954,NULL,NULL,500,NULL,NULL,NULL,53924,-22,193356,NULL,NULL,NULL,NULL,NULL,NULL,124402,128329,NULL,NULL,NULL,196005,NULL,448736,-255380,49,NULL,NULL,NULL,43484,NULL,NULL,NULL,NULL,NULL,NULL,NULL,43533,NULL,NULL,NULL,NULL,NULL,0,-211847,NULL,NULL,NULL,NULL,NULL,0,848,NULL,NULL,NULL,0,-210999,2527339,NULL,NULL,2316340,2192367,NULL,123973,2316340,23,5280,0,5280,0,3,0,5,NULL,23,42,NULL,7618,1945,NULL,NULL,NULL,NULL,NULL,No
Brawley,1172,2023,118384,NULL,NULL,NULL,NULL,NULL,NULL,NULL,NULL,118384,NULL,NULL,NULL,NULL,NULL,NULL,8093,NULL,82206,14044,NULL,466913,NULL,571256,-452872,NULL,NULL,NULL,NULL,NULL,NULL,NULL,NULL,NULL,42175,NULL,1154,43329,NULL,NULL,NULL,NULL,NULL,0,-409543,NULL,NULL,NULL,NULL,NULL,0,NULL,-685,NULL,NULL,0,-410228,5767455,NULL,NULL,5357227,4746205,NULL,611022,5357227,128,4166,NULL,4166,NULL,9,NULL,4,1,48,53,3075,59040,1940,NULL,NULL,NULL,NULL,NULL,No
Calexico,1181,2023,NULL,NULL,NULL,NULL,NULL,NULL,NULL,373546,25,373571,NULL,NULL,NULL,NULL,NULL,NULL,143640,NULL,306457,NULL,NULL,259547,6705,716349,-342778,NULL,NULL,NULL,NULL,1064294,NULL,NULL,10000,NULL,NULL,NULL,NULL,1074294,NULL,NULL,NULL,NULL,NULL,0,731516,NULL,NULL,NULL,NULL,NULL,0,NULL,NULL,NULL,NULL,0,731516,5970095,-2,Rounding,6701609,6698831,NULL,2778,6701609,257,5179,NULL,4679,NULL,4,NULL,15,NULL,15,16,3002,44092,1946,9006,9006,NULL,NULL,NULL,No
California City,1182,2023,28968,NULL,2400,17283,65018,NULL,NULL,NULL,75137,188806,64716,NULL,NULL,24925,NULL,NULL,92665,1763,NULL,83738,NULL,280877,NULL,548684,-359878,NULL,NULL,NULL,NULL,NULL,NULL,NULL,10000,NULL,NULL,NULL,NULL,10000,NULL,NULL,NULL,NULL,NULL,0,-349878,NULL,NULL,NULL,NULL,NULL,0,NULL,NULL,NULL,NULL,0,-349878,2855433,-325558,Adjustment to opening balance,2179997,3443405,NULL,-1263408,2179997,213,6024,NULL,6024,NULL,7,NULL,4,1,16,28,1460,16778,1963,NULL,NULL,NULL,NULL,NULL,No
Calipatria,1184,2023,15840,NULL,NULL,NULL,NULL,NULL,NULL,NULL,NULL,15840,NULL,NULL,NULL,NULL,NULL,NULL,NULL,NULL,3774,5617,NULL,NULL,NULL,9391,6449,NULL,NULL,NULL,NULL,NULL,NULL,NULL,NULL,NULL,NULL,NULL,NULL,0,NULL,NULL,NULL,NULL,NULL,0,6449,NULL,NULL,NULL,NULL,NULL,0,NULL,NULL,NULL,NULL,0,6449,342353,-95809,PPA to match trial balance,252993,189243,NULL,63750,252993,200,3440,NULL,3440,NULL,1,NULL,1,1,NULL,1,2,NULL,1949,NULL,NULL,NULL,NULL,NULL,No
Chico,1197,2023,104189,NULL,565822,NULL,28946,11507,65537,NULL,NULL,776001,NULL,NULL,NULL,NULL,NULL,NULL,288373,172798,17018,333386,NULL,1264724,74280,2150579,-1374578,1814,NULL,NULL,57154,NULL,NULL,NULL,NULL,NULL,NULL,NULL,7283,66251,NULL,NULL,NULL,NULL,NULL,0,-1308327,99226,NULL,NULL,NULL,NULL,99226,NULL,-65920,NULL,NULL,0,-1275021,22073326,NULL,NULL,20798305,19110594,NULL,1687711,20798305,1475,6724,NULL,6442,3745,45,52,45,6,141,122,32221,651459,1949,0,0,422000,NULL,0,No
Chowchilla,1200,2023,18889,NULL,NULL,NULL,NULL,NULL,NULL,NULL,NULL,18889,NULL,NULL,NULL,NULL,NULL,NULL,16916,14337,11196,NULL,NULL,15685,NULL,58134,-39245,1831,NULL,NULL,NULL,261549,10827,NULL,30000,12622,NULL,NULL,4327,321156,NULL,NULL,NULL,NULL,NULL,0,281911,NULL,NULL,NULL,NULL,NULL,0,NULL,NULL,NULL,NULL,0,281911,666462,44932,To adjust beginning balance,993305,784324,NULL,208981,993305,98,3250,NULL,3250,NULL,2,1,1,9,15,30,8340,NULL,1949,NULL,NULL,NULL,NULL,NULL,No
Cloverdale,1206,2023,52435,NULL,NULL,NULL,50952,NULL,NULL,NULL,600,103987,NULL,NULL,NULL,NULL,NULL,NULL,4778,1604,1478,26165,60949,88547,NULL,183521,-79534,NULL,NULL,NULL,10000,NULL,NULL,NULL,NULL,NULL,NULL,NULL,180,10180,NULL,NULL,NULL,NULL,NULL,0,-69354,0,NULL,NULL,NULL,NULL,0,2058,NULL,NULL,NULL,0,-67296,11953349,NULL,NULL,11886053,11886053,NULL,NULL,11886053,67,2909,NULL,2845,NULL,3,NULL,1,NULL,20,20,NULL,7283,1960,NULL,NULL,NULL,NULL,NULL,No
Corning,1218,2023,NULL,NULL,19768,NULL,NULL,NULL,NULL,NULL,10000,29768,NULL,NULL,NULL,NULL,NULL,NULL,17573,NULL,NULL,12026,NULL,79014,NULL,108613,-78845,1210,NULL,NULL,34848,NULL,NULL,NULL,NULL,NULL,NULL,NULL,NULL,36058,NULL,NULL,NULL,NULL,36806,36806,-79593,NULL,NULL,NULL,NULL,NULL,0,NULL,NULL,NULL,NULL,0,-79593,3615117,-6483,Prior Period Adjustment  Related to GASB 68,3529041,3448572,NULL,80469,3529041,244,3300,NULL,2700,NULL,12,NULL,5,1,23,15,NULL,NULL,1948,NULL,NULL,NULL,NULL,NULL,No
Corona,1219,2023,399703,47175,NULL,NULL,33758,NULL,NULL,NULL,9,480645,NULL,NULL,NULL,NULL,NULL,NULL,91669,5483,103070,NULL,NULL,14297,9751,224270,256375,17535,NULL,NULL,NULL,NULL,NULL,NULL,NULL,NULL,51639,NULL,NULL,69174,NULL,NULL,NULL,NULL,NULL,0,325549,NULL,NULL,NULL,NULL,NULL,0,NULL,NULL,NULL,NULL,0,325549,1230191,NULL,NULL,1555740,19354,NULL,1536386,1555740,96,3200,NULL,3200,NULL,30,10,40,3,249,260,40000,147799,NULL,NULL,NULL,NULL,NULL,NULL,Yes
Delano,1236,2023,36015,NULL,69550,223571,72970,0,NULL,58747,NULL,460853,NULL,NULL,NULL,NULL,NULL,NULL,82150,29229,268727,NULL,NULL,93659,NULL,473765,-12912,3385,NULL,NULL,NULL,NULL,NULL,NULL,10000,NULL,NULL,NULL,NULL,13385,NULL,NULL,NULL,NULL,NULL,0,473,NULL,NULL,NULL,NULL,NULL,0,NULL,NULL,NULL,NULL,0,473,3383823,1415,SCO: Per preparer adjustment to bring the Beginning fund balance to actual ,3385711,NULL,NULL,3385711,3385711,535,5651,5300,7000,2300,8,NULL,8,1,14,32,382,14181,1972,422,347,NULL,NULL,NULL,No
Dunsmuir,1246,2023,27671,18222,NULL,2230,NULL,NULL,NULL,NULL,535,48658,NULL,NULL,NULL,NULL,NULL,NULL,23901,NULL,14297,13736,NULL,170842,NULL,222776,-174118,NULL,NULL,NULL,14730,22000,NULL,NULL,10000,NULL,NULL,NULL,NULL,46730,594,NULL,NULL,NULL,NULL,594,-127982,NULL,NULL,NULL,NULL,NULL,0,NULL,NULL,NULL,NULL,0,-127982,4535165,-8356,Adjust to audited financial statements,4398827,4415404,NULL,-16577,4398827,26,2800,450,100,NULL,1,NULL,1,1,9,12,2050,5425,1964,NULL,NULL,NULL,NULL,NULL,No
El Paso De Robles,1252,2023,NULL,NULL,814540,13081,95140,50614,NULL,NULL,108031,1081406,NULL,NULL,NULL,NULL,NULL,NULL,9789,NULL,NULL,545058,NULL,466404,NULL,1021251,60155,318367,NULL,NULL,NULL,NULL,NULL,NULL,NULL,NULL,NULL,NULL,84111,402478,13797,NULL,NULL,NULL,NULL,13797,448836,NULL,NULL,NULL,NULL,166029,166029,NULL,-44949,NULL,NULL,0,569916,17901576,NULL,NULL,18471492,14848001,NULL,3623491,18471492,1300,6008,0,6200,0,14,0,14,2,223,156,44000,802082,1973,5000,5000,10000,10000,0,Yes
Escalon,1257,2023,NULL,NULL,NULL,NULL,NULL,NULL,NULL,NULL,NULL,NULL,NULL,NULL,NULL,NULL,NULL,NULL,NULL,NULL,NULL,NULL,NULL,NULL,NULL,NULL,NULL,NULL,NULL,NULL,NULL,NULL,NULL,NULL,NULL,NULL,NULL,NULL,NULL,NULL,NULL,NULL,NULL,NULL,NULL,NULL,NULL,NULL,NULL,NULL,NULL,NULL,NULL,NULL,NULL,NULL,NULL,NULL,NULL,NULL,NULL,NULL,NULL,NULL,NULL,NULL,NULL,NULL,NULL,NULL,NULL,NULL,NULL,NULL,NULL,NULL,NULL,NULL,NULL,NULL,NULL,NULL,NULL,NULL,NULL,NULL,Yes
Fresno,1277,2023,728300,16354,9245120,12287635,238053,3851536,6797967,1881749,79444,35126158,1264605,NULL,NULL,4393712,NULL,NULL,10138505,4293700,941216,6192876,384261,12034503,NULL,39643378,-4517220,563959,-187977,395714,NULL,10673413,NULL,NULL,NULL,NULL,NULL,NULL,2314595,13759704,2865264,NULL,NULL,NULL,12083,2877347,6365137,2324115,NULL,NULL,NULL,NULL,2324115,NULL,-235100,NULL,NULL,0,8454152,200927830,-1476326,Adjust to FY2022 ACFR incl GASB 87,207905656,68193132,4005171,135707353,207905656,1875,9539,0,10500,NULL,93,0,38,32,287,303,89333,2380532,1946,1134406,1131579,27125646,5822,8,No
Fullerton,1278,2023,1146490,111815,560069,3501,38674,NULL,12450,NULL,51125,1924124,NULL,NULL,NULL,NULL,NULL,NULL,NULL,NULL,NULL,1769062,NULL,428398,NULL,2197460,-273336,277834,NULL,NULL,NULL,NULL,NULL,NULL,NULL,NULL,NULL,NULL,226853,504687,NULL,NULL,NULL,NULL,NULL,0,231351,261415,NULL,NULL,NULL,NULL,261415,NULL,NULL,NULL,NULL,0,492766,20137982,NULL,NULL,20630748,18160504,NULL,2470244,20630748,86,3121,NULL,3121,NULL,36,NULL,36,3,325,149,78000,357970,1927,NULL,NULL,NULL,NULL,NULL,Yes
Gustine,1292,2023,19055,NULL,NULL,NULL,112591,NULL,NULL,NULL,5472,137118,NULL,NULL,NULL,NULL,NULL,3823,NULL,NULL,NULL,110014,82174,83773,NULL,279784,-142666,NULL,NULL,NULL,NULL,NULL,NULL,NULL,NULL,NULL,NULL,NULL,NULL,0,NULL,NULL,NULL,NULL,NULL,0,-142666,NULL,NULL,NULL,NULL,NULL,0,NULL,NULL,NULL,NULL,0,-142666,1043682,NULL,NULL,901016,1089868,NULL,-188852,901016,94,3200,NULL,200,NULL,5,NULL,NULL,NULL,NULL,NULL,NULL,NULL,NULL,NULL,NULL,NULL,NULL,NULL,No
Hanford,1294,2023,56712,NULL,NULL,86608,212274,NULL,NULL,NULL,11810,367404,NULL,NULL,2859,NULL,NULL,168317,51232,NULL,NULL,124234,NULL,324084,NULL,670726,-303322,2801,NULL,NULL,NULL,NULL,NULL,NULL,NULL,NULL,NULL,NULL,-619,2182,NULL,NULL,NULL,NULL,NULL,0,-301140,NULL,NULL,NULL,NULL,NULL,0,NULL,-4779,NULL,NULL,0,-305919,6227382,NULL,NULL,5921463,6173675,NULL,-252212,5921463,297,5179,NULL,5180,NULL,8,NULL,8,1,78,42,15000,36000,1950,NULL,NULL,NULL,NULL,NULL,No
Hawthorne,1296,2023,NULL,NULL,NULL,NULL,NULL,NULL,NULL,694998,765905,1460903,NULL,NULL,NULL,NULL,NULL,NULL,NULL,211191,15974,609046,56016,317470,NULL,1209697,251206,NULL,NULL,NULL,NULL,NULL,NULL,NULL,NULL,NULL,NULL,NULL,NULL,0,NULL,NULL,NULL,NULL,NULL,0,251206,NULL,NULL,NULL,NULL,NULL,0,962,-101805,NULL,NULL,0,150363,9107241,NULL,NULL,9257604,7573523,NULL,1684081,9257604,80,4884,NULL,4884,NULL,15,1,11,1,161,80,56114,1568830,1948,NULL,NULL,0,0,NULL,No
Hayward,1297,2023,1317738,NULL,97319,2159307,NULL,NULL,NULL,NULL,332224,3906588,NULL,NULL,NULL,NULL,NULL,NULL,1768576,921033,NULL,692215,NULL,1234923,NULL,4616747,-710159,500742,NULL,NULL,NULL,NULL,NULL,NULL,NULL,NULL,NULL,NULL,NULL,500742,21230,NULL,NULL,NULL,NULL,21230,-230647,NULL,NULL,NULL,NULL,NULL,0,NULL,-348743,NULL,NULL,0,-579390,18402446,324138,Prior year ending balance adjustment,18147194,11887496,NULL,6259698,18147194,521,5694,NULL,5694,NULL,2,NULL,4,NULL,447,207,128954,2059888,1947,NULL,NULL,NULL,NULL,NULL,No
Healdsburg,1298,2023,131930,1600,NULL,57990,146423,NULL,48615,NULL,122343,508901,NULL,NULL,NULL,NULL,NULL,NULL,13208,NULL,239412,43139,NULL,125736,NULL,421495,87406,5472,NULL,NULL,NULL,NULL,NULL,NULL,NULL,NULL,NULL,NULL,NULL,5472,NULL,NULL,NULL,NULL,NULL,0,92878,NULL,NULL,NULL,NULL,NULL,0,NULL,-850,NULL,NULL,0,92028,3686008,NULL,NULL,3778036,3361026,NULL,417010,3778036,50,2652,NULL,3000,NULL,1,NULL,2,NULL,54,49,21900,24487,NULL,NULL,NULL,NULL,NULL,NULL,No
Hollister,1306,2023,724297,9320,230884,324540,18924,11851,NULL,NULL,71907,1391723,NULL,NULL,NULL,NULL,NULL,NULL,NULL,NULL,NULL,1304241,NULL,NULL,NULL,1304241,87482,-968,NULL,NULL,NULL,NULL,NULL,NULL,NULL,NULL,NULL,NULL,NULL,-968,65,NULL,NULL,NULL,NULL,65,86449,NULL,NULL,NULL,NULL,NULL,0,NULL,NULL,NULL,NULL,0,86449,18015652,NULL,NULL,18102101,18943586,NULL,-841485,18102101,NULL,NULL,NULL,NULL,NULL,NULL,NULL,NULL,NULL,NULL,NULL,NULL,NULL,NULL,NULL,NULL,NULL,NULL,NULL,No
Lincoln,1350,2023,732327,NULL,NULL,NULL,1358807,NULL,NULL,NULL,15176,2106310,NULL,NULL,NULL,NULL,NULL,NULL,230719,75710,1100170,122484,NULL,212239,NULL,1741322,364988,33535,NULL,NULL,NULL,61114,NULL,71209,NULL,NULL,NULL,NULL,NULL,165858,NULL,NULL,NULL,NULL,103731,103731,427115,NULL,NULL,NULL,NULL,NULL,0,NULL,-167333,NULL,NULL,0,259782,-364940,212770,Prior period adjustment,107612,5500129,NULL,-5392517,107612,774,6001,NULL,6001,NULL,16,NULL,16,0,319,218,94000,185684,1942,417,441,NULL,NULL,NULL,No
Livermore,1353,2023,2630405,15817,67702,330058,118262,NULL,NULL,359713,20809,3542766,NULL,NULL,NULL,NULL,NULL,NULL,1771862,151290,69231,523128,NULL,347231,NULL,2862742,680024,422059,NULL,NULL,NULL,NULL,NULL,NULL,NULL,NULL,NULL,NULL,518621,940680,104081,NULL,NULL,NULL,NULL,104081,1516623,3398,NULL,NULL,NULL,NULL,3398,NULL,-62,NULL,NULL,0,1519959,20929982,NULL,NULL,22449941,17127426,NULL,5322515,22449941,644,5253,NULL,5720,NULL,173,NULL,12,1,454,393,184527,965122,1961,NULL,NULL,NULL,NULL,NULL,No
Lompoc,1358,2023,200550,866,16275,147595,238317,NULL,NULL,NULL,-3869,599734,NULL,NULL,NULL,NULL,NULL,NULL,113401,94567,182208,35638,NULL,201012,-31816,595010,4724,184689,NULL,NULL,4367061,NULL,NULL,NULL,10000,NULL,NULL,NULL,NULL,4561750,3004,NULL,NULL,NULL,NULL,3004,4563470,NULL,NULL,NULL,NULL,NULL,0,88023,NULL,NULL,NULL,0,4651493,9393429,NULL,NULL,14044922,13779888,NULL,265034,14044922,193,4600,0,4600,0,17,0,9,1,81,78,10000,37365,1991,0,0,0,0,0,No
Long Beach,1359,2023,NULL,NULL,335000,11514000,200000,21435000,9580000,NULL,12136000,55200000,7028000,NULL,NULL,3178000,NULL,NULL,13836000,3652000,747000,1089000,NULL,17166000,15060000,61756000,-6556000,2333000,NULL,NULL,NULL,24000,NULL,NULL,NULL,NULL,NULL,NULL,910000,3267000,4991000,NULL,NULL,5000,4000,5000000,-8289000,23041000,NULL,NULL,NULL,NULL,23041000,NULL,-136000,NULL,NULL,0,14616000,274639000,NULL,NULL,289255000,245199000,40973000,3083000,289255000,1175,10000,NULL,5808,NULL,10,NULL,50,30,366,90,340489,24747796,1924,1767380,1767012,33553845,327228,48,No
Los Angeles,1364,2023,12315233,852323,818321749,127822511,5495438,330602313,447491399,6745922,3208354,1752855242,46934962,NULL,NULL,205216695,NULL,43314920,282265226,185199533,13852985,76651998,NULL,697167056,NULL,1550603375,202251867,77182400,NULL,144321861,NULL,3072140,NULL,NULL,NULL,NULL,NULL,NULL,92136240,316712641,424184834,NULL,NULL,68192337,7112163,499489334,19475174,355772051,NULL,93832,NULL,38364729,394230612,NULL,NULL,NULL,NULL,0,413705786,5718407636,-72874,Adopted GASB statement No. 96,6132040548,4978798977,520901793,632339778,6132040548,22030,12091,NULL,15340,NULL,NULL,NULL,NULL,13449,NULL,38,875496,NULL,1928,35525350,35440673,4750892000,214472000,133,No
Los Banos,1365,2023,NULL,105,106362,NULL,NULL,NULL,209819,NULL,721,317007,NULL,NULL,NULL,NULL,NULL,NULL,17404,14853,4509,19970,177333,92288,53604,379961,-62954,17431,NULL,NULL,NULL,NULL,NULL,6073,10000,NULL,NULL,NULL,NULL,33504,NULL,NULL,NULL,NULL,NULL,0,-29450,NULL,NULL,NULL,NULL,NULL,0,NULL,NULL,NULL,NULL,0,-29450,1659036,NULL,NULL,1629586,779475,NULL,850111,1629586,124,3800,NULL,2300,NULL,2,NULL,2,1,30,32,NULL,NULL,1943,NULL,NULL,NULL,NULL,5,No
Madera,1369,2023,180050,4356,16480,NULL,NULL,NULL,NULL,15526,267896,484308,NULL,NULL,NULL,NULL,NULL,NULL,247560,NULL,351645,311788,NULL,297676,18331,1227000,-742692,45112,NULL,NULL,NULL,NULL,NULL,NULL,NULL,NULL,NULL,NULL,96082,141194,634,NULL,NULL,NULL,NULL,634,-602132,NULL,NULL,NULL,NULL,NULL,0,NULL,-17672,NULL,NULL,0,-619804,12499618,NULL,NULL,11879814,11355859,NULL,523955,11879814,920,5544,3702,6345,2600,16,NULL,6,1,128,130,53600,80047,1947,NULL,NULL,NULL,NULL,NULL,No
Mammoth Lakes,1371,2023,NULL,NULL,NULL,NULL,NULL,NULL,NULL,NULL,NULL,0,NULL,NULL,NULL,NULL,NULL,NULL,NULL,NULL,NULL,NULL,NULL,NULL,NULL,0,0,NULL,NULL,NULL,NULL,NULL,NULL,NULL,NULL,NULL,NULL,NULL,NULL,0,NULL,NULL,NULL,NULL,NULL,0,0,NULL,NULL,NULL,NULL,NULL,0,NULL,NULL,NULL,NULL,0,0,8341621,-8341621,Moving into a Special Revenue fund under Governmental as it is largely supported by the general fund.,0,NULL,NULL,NULL,0,NULL,NULL,NULL,NULL,NULL,NULL,NULL,NULL,NULL,NULL,NULL,NULL,NULL,NULL,NULL,NULL,NULL,NULL,NULL,No
Marina,1375,2023,148520,1163817,NULL,120920,NULL,302529,NULL,478385,NULL,2214171,NULL,NULL,NULL,33769,128825,25661,279427,112875,NULL,316658,404294,730324,NULL,2031833,182338,23654,NULL,NULL,NULL,NULL,NULL,NULL,NULL,NULL,NULL,NULL,8609,32263,NULL,NULL,NULL,NULL,NULL,0,214601,NULL,NULL,NULL,NULL,1199257,1199257,46682,-1376987,NULL,NULL,0,83553,47653616,167262,audit report was not finalized ,47904431,46234541,NULL,1669890,47904431,NULL,NULL,NULL,NULL,NULL,NULL,NULL,NULL,NULL,NULL,NULL,NULL,NULL,NULL,NULL,NULL,NULL,NULL,NULL,No
Merced,1382,2023,129911,1266,-23348,47921,19210,17058,NULL,6324,2061,200403,NULL,NULL,NULL,NULL,NULL,NULL,423730,NULL,1139065,NULL,NULL,448448,NULL,2011243,-1810840,122690,NULL,NULL,NULL,NULL,NULL,NULL,NULL,NULL,1101028,NULL,47446,1271164,NULL,NULL,NULL,NULL,NULL,0,-539676,NULL,NULL,NULL,NULL,NULL,0,939367,-14432,NULL,NULL,0,385259,3339216,NULL,NULL,3724475,3922480,407069,-605074,3724475,450,5914,NULL,5914,NULL,10,NULL,16,2,65,91,58650,132769,1940,3753,3432,163153,NULL,1,No
Modesto,1387,2023,NULL,NULL,NULL,NULL,NULL,NULL,NULL,988304,19748,1008052,NULL,NULL,NULL,NULL,NULL,NULL,435826,211827,122925,132068,NULL,729074,513893,2145613,-1137561,74212,263549,NULL,NULL,NULL,NULL,NULL,NULL,NULL,NULL,NULL,634890,972651,NULL,NULL,NULL,NULL,25135,25135,-190045,NULL,NULL,NULL,NULL,NULL,0,NULL,NULL,NULL,NULL,0,-190045,11786556,NULL,NULL,11596511,9064580,NULL,2531931,11596511,450,5911,NULL,5911,NULL,150,NULL,28,20,164,133,44967,683330,1936,NULL,NULL,483998,NULL,NULL,No
Montague,1389,2023,7080,NULL,NULL,NULL,422,NULL,NULL,NULL,NULL,7502,NULL,NULL,10465,NULL,NULL,5808,NULL,NULL,NULL,NULL,NULL,32542,NULL,48815,-41313,520,NULL,NULL,NULL,NULL,NULL,NULL,10000,NULL,5000,NULL,NULL,15520,NULL,NULL,NULL,NULL,NULL,0,-25793,NULL,NULL,NULL,NULL,NULL,0,NULL,NULL,NULL,NULL,0,-25793,641078,NULL,NULL,615285,442177,NULL,173108,615285,330,3360,2080,3360,NULL,6,1,3,1,15,17,1300,6340,1925,300,300,1040000,NULL,2,No
Oakdale,1413,2023,209159,NULL,NULL,NULL,NULL,NULL,NULL,449249,NULL,658408,NULL,NULL,NULL,NULL,NULL,NULL,28854,28677,123470,NULL,403701,165962,NULL,750664,-92256,451,NULL,NULL,NULL,NULL,NULL,5206,10000,NULL,NULL,NULL,NULL,15657,NULL,NULL,NULL,NULL,NULL,0,-76599,1051945,NULL,NULL,NULL,NULL,1051945,NULL,NULL,NULL,NULL,0,975346,5064279,44941,Prior period adjustment ,6084566,5606029,478537,NULL,6084566,120,3011,NULL,3011,NULL,2,NULL,4,1,80,22,NULL,32100,NULL,NULL,NULL,NULL,NULL,NULL,No
Oakland,1414,2023,8005038,382386,53828686,24170575,3878572,40833982,57458389,4093173,6111199,198762000,NULL,NULL,NULL,NULL,NULL,NULL,31838000,53225600,1763200,24083900,8124000,62248000,31550300,212833000,-14071000,13318000,NULL,21617000,NULL,17869000,NULL,NULL,NULL,NULL,NULL,12000,3509000,56325000,1371607,NULL,NULL,NULL,5089393,6461000,35793000,13534000,-18000,NULL,NULL,NULL,13516000,NULL,NULL,NULL,NULL,0,49309000,0,-49309000,Transfer to Harbor P&L Statement,0,NULL,NULL,NULL,0,2600,10000,NULL,NULL,NULL,NULL,NULL,NULL,71,152,154,215684,112017429,NULL,5782323,5784946,1179707000,17333000,11,No
Oceanside,1416,2023,NULL,NULL,NULL,NULL,NULL,NULL,NULL,9537,146802,156339,NULL,NULL,NULL,NULL,NULL,NULL,NULL,NULL,NULL,NULL,NULL,76047,127998,204045,-47706,4896,NULL,NULL,NULL,NULL,NULL,NULL,NULL,NULL,NULL,NULL,NULL,4896,NULL,NULL,NULL,NULL,NULL,0,-42810,NULL,NULL,NULL,NULL,NULL,0,NULL,NULL,NULL,NULL,0,-42810,3697081,NULL,NULL,3654271,4364269,NULL,-709998,3654271,3000,NULL,3000,NULL,NULL,NULL,NULL,NULL,NULL,84,44,26978,157361,NULL,NULL,NULL,NULL,NULL,NULL,Yes
Oroville,1423,2023,222127,NULL,158734,NULL,240948,NULL,NULL,NULL,6401,628210,NULL,NULL,NULL,NULL,NULL,NULL,301835,719692,235918,NULL,NULL,264754,NULL,1522199,-893989,9120,NULL,NULL,NULL,460213,NULL,NULL,NULL,NULL,NULL,NULL,NULL,469333,NULL,NULL,NULL,NULL,NULL,0,-424656,NULL,NULL,NULL,NULL,NULL,0,NULL,-108964,NULL,NULL,0,-533620,5074311,NULL,NULL,4540691,NULL,NULL,4540691,4540691,920,6020,NULL,6000,NULL,8,NULL,5,1,42,42,NULL,63425,1948,1210000,NULL,NULL,NULL,NULL,No
Palm Springs,1428,2023,52293997,NULL,NULL,NULL,NULL,NULL,NULL,NULL,NULL,52293997,NULL,NULL,NULL,NULL,NULL,NULL,10378823,1439384,811417,3130519,NULL,4888102,9602147,30250392,22043605,683749,NULL,NULL,NULL,NULL,NULL,NULL,NULL,NULL,23312203,NULL,NULL,23995952,607477,NULL,NULL,NULL,NULL,607477,45432080,NULL,NULL,NULL,NULL,NULL,0,NULL,NULL,NULL,NULL,0,45432080,111578148,NULL,NULL,157010228,80963691,4933725,71112812,157010228,940,10000,NULL,10000,NULL,48,NULL,15,21,69,84,63307,25803593,1949,1633788,1610223,438603,NULL,13,Yes
Palo Alto,1430,2023,NULL,NULL,NULL,NULL,NULL,NULL,NULL,1780162,834444,2614606,NULL,NULL,NULL,NULL,NULL,NULL,NULL,NULL,NULL,2296815,NULL,97029,NULL,2393844,220762,94055,NULL,NULL,NULL,NULL,NULL,NULL,NULL,NULL,NULL,NULL,NULL,94055,65390,NULL,NULL,NULL,NULL,65390,249427,1914839,NULL,NULL,NULL,NULL,1914839,NULL,-1100,NULL,NULL,0,2163166,37487007,NULL,NULL,39650173,44471401,NULL,-4821228,39650173,102,2443,NULL,2443,NULL,40,3,40,2,398,63,151994,442146,1934,NULL,NULL,NULL,NULL,NULL,No
Petaluma,1438,2023,1164589,5401,NULL,NULL,775497,NULL,NULL,9122,NULL,1954609,NULL,NULL,NULL,NULL,NULL,NULL,477894,178232,76194,350150,548025,356571,499,1987565,-32956,64264,-1630,NULL,NULL,NULL,NULL,NULL,NULL,178873,NULL,0,NULL,241507,44625,NULL,NULL,NULL,NULL,44625,163926,1047720,NULL,NULL,NULL,NULL,1047720,NULL,NULL,NULL,NULL,0,1211646,11122443,NULL,NULL,12334089,11238131,NULL,1095958,12334089,NULL,NULL,NULL,NULL,NULL,NULL,NULL,NULL,NULL,NULL,NULL,NULL,NULL,NULL,NULL,NULL,NULL,NULL,NULL,No
Porterville,1452,2023,46230,492,6300,185944,2757,27780,14597,1232769,5801,1522670,NULL,NULL,NULL,NULL,49812,24675,308235,1282,2066,297731,900752,430408,NULL,2014961,-492291,134836,NULL,NULL,NULL,32000,NULL,NULL,10000,NULL,NULL,NULL,NULL,176836,925,NULL,NULL,NULL,NULL,925,-316380,749130,NULL,NULL,NULL,NULL,749130,6797,NULL,NULL,NULL,0,439547,10209305,NULL,NULL,10648852,6119667,NULL,4529185,10648852,728,5908,NULL,5908,NULL,8,NULL,8,3,89,52,NULL,2396758,1948,NULL,NULL,NULL,NULL,NULL,No
Red Bluff,1460,2023,NULL,NULL,117891,NULL,NULL,NULL,NULL,NULL,15589,133480,NULL,NULL,NULL,NULL,NULL,NULL,NULL,NULL,NULL,30347,NULL,232874,39882,303103,-169623,7699,NULL,NULL,NULL,NULL,NULL,NULL,NULL,NULL,10000,NULL,128147,145846,NULL,NULL,NULL,NULL,NULL,0,-23777,NULL,NULL,NULL,NULL,24594,24594,NULL,-96058,NULL,NULL,0,-95241,2738012,NULL,NULL,2642771,2114083,NULL,528688,2642771,601,5431,NULL,3935,NULL,7,NULL,7,1,129,81,35000,44894,1927,1500,1500,14000,NULL,NULL,No
Redding,1461,2023,618238,50450,564515,374634,155196,158492,826557,NULL,4375,2752457,616258,NULL,NULL,1,NULL,33229,1495928,560822,168170,901132,NULL,1804115,NULL,5579655,-2827198,6645,NULL,326658,NULL,1860084,NULL,NULL,NULL,NULL,NULL,NULL,32610,2225997,35190,NULL,NULL,NULL,NULL,35190,-636391,4097398,NULL,NULL,NULL,NULL,4097398,522001,-245000,NULL,NULL,0,3738008,33370872,NULL,NULL,37108880,39708913,NULL,-2600033,37108880,1862,7003,7400,6500,0,30,0,24,5,331,241,60592,2177980,1927,92848,92757,1014416,0,4,Yes
Redlands,1462,2023,NULL,NULL,199594,119359,3248,14120,NULL,NULL,9809,346130,NULL,NULL,NULL,NULL,NULL,NULL,177637,317883,82441,NULL,NULL,223085,NULL,801046,-454916,15776,NULL,NULL,NULL,NULL,NULL,NULL,NULL,NULL,NULL,NULL,255327,271103,18142,NULL,NULL,NULL,NULL,18142,-201955,NULL,NULL,NULL,NULL,NULL,0,NULL,NULL,NULL,NULL,0,-201955,2900626,NULL,NULL,2698671,3531855,NULL,-833184,2698671,180,4505,NULL,4505,NULL,25,3,18,3,201,201,67000,72000,1966,NULL,NULL,NULL,NULL,NULL,No
Reedley,1465,2023,98948,NULL,105244,NULL,NULL,NULL,NULL,NULL,542,204734,NULL,NULL,NULL,NULL,NULL,NULL,72476,181781,110921,NULL,NULL,128284,NULL,493462,-288728,-7306,NULL,NULL,NULL,1585699,NULL,8900,NULL,NULL,NULL,NULL,NULL,1587293,NULL,NULL,NULL,NULL,NULL,0,1298565,NULL,NULL,NULL,NULL,NULL,0,125986,NULL,NULL,NULL,0,1424551,3347748,NULL,NULL,4772299,4731452,NULL,40847,4772299,138,3300,200,3300,NULL,6,NULL,6,3,57,46,225,20710,1975,NULL,NULL,NULL,NULL,NULL,Yes
Rialto,1466,2023,NULL,NULL,NULL,NULL,NULL,NULL,NULL,NULL,NULL,0,NULL,NULL,NULL,NULL,NULL,NULL,NULL,NULL,NULL,4021,NULL,NULL,NULL,4021,-4021,NULL,NULL,NULL,NULL,NULL,NULL,NULL,NULL,NULL,NULL,3688918,20,3688938,NULL,NULL,NULL,NULL,NULL,0,3684917,NULL,NULL,NULL,NULL,NULL,0,NULL,NULL,NULL,NULL,0,3684917,5881030,NULL,NULL,9565947,NULL,NULL,9565947,9565947,NULL,NULL,NULL,NULL,NULL,NULL,NULL,NULL,NULL,NULL,NULL,NULL,NULL,NULL,NULL,NULL,NULL,NULL,NULL,Yes
Rio Vista,1470,2023,182492,1774,NULL,38746,NULL,NULL,NULL,NULL,56905,279917,NULL,NULL,NULL,93546,NULL,NULL,50866,50550,94070,13196,NULL,338226,NULL,640454,-360537,3968,NULL,NULL,NULL,NULL,NULL,NULL,NULL,NULL,NULL,NULL,NULL,3968,4157,NULL,NULL,NULL,3528,7685,-364254,156335,10000,NULL,NULL,NULL,166335,NULL,NULL,NULL,NULL,0,-197919,6289603,NULL,NULL,6091684,7000708,NULL,-909024,6091684,273,4200,NULL,4200,NULL,2,NULL,2,1,56,56,NULL,45793,1995,NULL,NULL,NULL,NULL,NULL,No
Riverside,1473,2023,561501,NULL,184791,1016315,NULL,NULL,NULL,NULL,116547,1879154,NULL,NULL,NULL,NULL,NULL,NULL,747613,236460,16029,202505,NULL,739978,418234,2360819,-481665,18856,NULL,NULL,NULL,12342,NULL,NULL,NULL,NULL,NULL,NULL,19541,50739,23131,NULL,NULL,NULL,NULL,23131,-454057,193104,NULL,NULL,NULL,NULL,193104,NULL,NULL,NULL,NULL,0,-260953,21577025,NULL,NULL,21316072,20491000,NULL,825072,21316072,525,5401,NULL,5401,NULL,23,NULL,17,2,183,167,130483,265798,1949,NULL,NULL,NULL,NULL,NULL,Yes
Salinas,1482,2023,1015843,2192,453207,278277,88510,NULL,NULL,NULL,172413,2010442,NULL,NULL,NULL,NULL,NULL,NULL,793529,320442,121334,319248,NULL,942091,NULL,2496644,-486202,243424,NULL,NULL,NULL,NULL,NULL,NULL,NULL,NULL,NULL,NULL,NULL,243424,NULL,NULL,NULL,NULL,NULL,0,-242778,NULL,NULL,NULL,NULL,NULL,0,NULL,-151505,NULL,NULL,0,-394283,18042932,NULL,NULL,17648649,15736512,NULL,1912137,17648649,785,6004,NULL,6050,NULL,15,NULL,15,1,205,219,49994,672407,1946,NULL,NULL,NULL,NULL,NULL,No
San Diego,1489,2023,0,609164,1814177,1523095,341771,92654,2398529,27101,30720,6837211,339180,312353,366774,956961,1259998,152460,1152412,790360,47716,389528,NULL,3661061,2682,9431485,-2594274,215585,NULL,NULL,162787,NULL,NULL,NULL,NULL,NULL,NULL,3272530,490015,4140917,NULL,NULL,NULL,NULL,10732,10732,1535911,NULL,NULL,NULL,NULL,NULL,0,NULL,NULL,NULL,NULL,0,1535911,61538247,NULL,NULL,63074158,47070559,NULL,16003599,63074158,1430,12570,NULL,11434,NULL,7,NULL,31,3,570,493,399899,1818692,NULL,NULL,NULL,NULL,NULL,NULL,No
San Francisco,1492,2023,12385870,9137612,297714376,21436470,23064865,254262094,128019312,84938276,233145007,1064103882,NULL,NULL,NULL,NULL,NULL,NULL,283668494,97718208,13383890,3883145,NULL,355475013,148621360,902750110,161353772,42540354,NULL,103782464,NULL,24555850,NULL,NULL,NULL,NULL,NULL,NULL,7500224,178378892,366764213,NULL,NULL,70751,8932772,375767736,-36035072,28679460,NULL,NULL,NULL,NULL,28679460,NULL,-48701362,NULL,NULL,0,-56056974,-660243289,-106616748, Cumulative Effect of Accounting Change ,-822917011,-1603693384,733715750,47060623,-822917011,2383,11870,NULL,12150,NULL,426,NULL,NULL,278,NULL,8,369974,NULL,NULL,23419568,23485606,946014683,55134868,61,No
San Jose,1496,2023,313216,81428,66416594,10603086,2506363,31845859,21437796,57979028,7909761,199093131,23680547,428892,1649748,43489410,NULL,NULL,NULL,NULL,NULL,22951802,16472796,56297222,NULL,164970417,34122714,5518915,NULL,23215393,NULL,29397153,NULL,NULL,NULL,NULL,NULL,NULL,10478499,68609960,40373782,NULL,NULL,NULL,5135827,45509609,57223065,12149992,NULL,NULL,NULL,45125,12195117,NULL,NULL,NULL,NULL,0,69418182,243842076,-42441,GASB96 related adjustment  ,313217817,170652557,54680110,87885150,313217817,1124,11000,NULL,11000,NULL,79,NULL,7,55,70,46,168280,95998412,1945,6065475,6062923,71595420,1628956,312,No
Santa Barbara,1510,2023,NULL,NULL,NULL,20071260,NULL,NULL,NULL,8426324,126032,28623616,NULL,NULL,NULL,NULL,NULL,NULL,9983975,NULL,14973729,NULL,NULL,6651449,NULL,31609153,-2985537,948810,NULL,NULL,NULL,NULL,NULL,NULL,NULL,NULL,800878,NULL,188823,1938511,1343573,NULL,NULL,NULL,NULL,1343573,-2390599,NULL,NULL,NULL,NULL,73129,73129,NULL,-30422,NULL,NULL,0,-2347892,149212906,610860,Adjustment to record revenue earned in FY 21-22 to the correct period.,147475874,125545304,2279261,19651309,147475874,952,6052,4184,6052,NULL,4,0,11,14,145,31,100876,4104640,NULL,641989,636235,3086426,0,19,No
Santa Monica,1516,2023,5793517,142922,9392323,1181679,63962,394493,NULL,NULL,299330,17268226,53558,NULL,NULL,NULL,1111588,26602,2003395,1196528,4298216,2894829,NULL,294670,1147064,13026450,4241776,-40953,NULL,NULL,NULL,NULL,NULL,NULL,NULL,NULL,NULL,NULL,1685446,1644493,NULL,NULL,NULL,NULL,NULL,0,5886269,NULL,NULL,NULL,NULL,NULL,0,161996,-564452,NULL,NULL,0,5483813,41077153,-179294,Employee benefit liability not recorded,46381672,3288116,NULL,43093556,46381672,227,3500,NULL,4350,NULL,NULL,NULL,8,10,221,210,62259,547931,1919,NULL,NULL,NULL,NULL,NULL,No
South Lake Tahoe,1539,2023,590017,NULL,414075,101376,55369,255079,26476,NULL,1077947,2520339,425163,NULL,NULL,365809,11316,72715,1008756,116872,NULL,220575,NULL,1368291,NULL,3589497,-1069158,92120,NULL,NULL,NULL,NULL,NULL,NULL,NULL,NULL,NULL,NULL,NULL,92120,2223,NULL,NULL,NULL,NULL,2223,-979261,34409,13634,NULL,NULL,367691,415734,NULL,-188238,NULL,NULL,0,-751765,19351267,NULL,NULL,18599502,17608751,NULL,990751,18599502,378,8541,NULL,8541,NULL,18,NULL,10,2,46,57,26483,292289,1983,NULL,NULL,NULL,NULL,NULL,Yes
Susanville,1547,2023,114596,NULL,NULL,NULL,6616,NULL,NULL,NULL,5056,126268,NULL,NULL,NULL,NULL,NULL,NULL,26721,39620,27587,52645,NULL,149876,NULL,296449,-170181,853,NULL,NULL,746324,NULL,NULL,NULL,NULL,NULL,NULL,NULL,NULL,747177,NULL,NULL,NULL,NULL,NULL,0,576996,NULL,NULL,NULL,NULL,NULL,0,NULL,NULL,NULL,NULL,0,576996,2909503,-8344,To match prior year ACFR ending balance,3478155,2713901,NULL,764254,3478155,NULL,NULL,NULL,NULL,NULL,NULL,NULL,NULL,NULL,NULL,NULL,NULL,NULL,NULL,NULL,NULL,NULL,NULL,NULL,No
Tehachapi,1550,2023,194125,1590,160089,14632,NULL,NULL,NULL,421443,11840,803719,NULL,NULL,NULL,NULL,NULL,NULL,342354,28955,16145,214422,338819,144630,NULL,1085325,-281606,4386,NULL,NULL,668357,NULL,NULL,NULL,NULL,NULL,NULL,NULL,NULL,672743,NULL,NULL,NULL,NULL,NULL,0,391137,NULL,NULL,NULL,NULL,NULL,0,952,NULL,NULL,NULL,0,392089,1442629,NULL,NULL,1834718,2387258,NULL,-552540,1834718,230,4035,NULL,4050,NULL,NULL,NULL,3,NULL,93,83,10000,86000,1981,NULL,NULL,NULL,NULL,NULL,No
Torrance,1556,2023,3220929,215452,NULL,18334378,9111,NULL,NULL,NULL,1001657,22781527,NULL,NULL,81696,90071,NULL,735487,820585,1313899,5380,531711,NULL,240600,28831,3848260,18933267,4555455,NULL,NULL,NULL,NULL,NULL,NULL,NULL,NULL,NULL,NULL,NULL,4555455,NULL,NULL,NULL,NULL,NULL,0,23488722,NULL,NULL,NULL,NULL,NULL,0,NULL,-17076558,NULL,NULL,0,6412164,24462323,NULL,NULL,30874487,8165809,NULL,22708678,30874487,370,5001,3000,5000,NULL,NULL,NULL,NULL,NULL,557,432,189634,163428,1948,NULL,NULL,NULL,NULL,NULL,No
Tracy,1557,2023,227641,NULL,NULL,112139,NULL,NULL,504093,NULL,8689,852562,NULL,NULL,NULL,NULL,NULL,NULL,424132,81073,476579,250669,NULL,1148919,NULL,2381372,-1528810,37495,NULL,NULL,NULL,NULL,NULL,NULL,NULL,NULL,NULL,NULL,NULL,37495,NULL,NULL,NULL,NULL,NULL,0,-1491315,3544,20000,NULL,NULL,NULL,23544,178045,NULL,NULL,NULL,0,-1289726,14268128,NULL,NULL,12978402,13424096,NULL,-445694,12978402,310,4002,NULL,4002,NULL,22,14,4,4,103,76,58765,103853,1949,NULL,NULL,NULL,NULL,NULL,No
Tulare,1560,2023,50136,NULL,2028,46598,NULL,NULL,5203,NULL,13718,117683,NULL,NULL,NULL,NULL,NULL,NULL,12661,13305,191030,6458,NULL,153065,102508,479027,-361344,-15,NULL,NULL,NULL,NULL,NULL,NULL,NULL,NULL,NULL,NULL,NULL,-15,NULL,NULL,NULL,NULL,NULL,0,-361359,NULL,NULL,NULL,NULL,NULL,0,NULL,NULL,NULL,NULL,0,-361359,3539683,NULL,NULL,3178324,3353527,NULL,-175203,3178324,208,3914,3914,3914,2424,4,3,4,NULL,44,40,19101,35524,1971,NULL,NULL,NULL,NULL,NULL,No
Ukiah,1565,2023,422523,NULL,NULL,NULL,NULL,17569,NULL,918573,NULL,1358665,NULL,NULL,NULL,NULL,NULL,NULL,NULL,NULL,NULL,208380,560939,193137,614831,1577287,-218622,1052,NULL,NULL,NULL,NULL,NULL,NULL,NULL,NULL,NULL,NULL,NULL,1052,49113,NULL,NULL,NULL,NULL,49113,-266683,4350,NULL,NULL,NULL,NULL,4350,NULL,NULL,NULL,NULL,0,-262333,5161205,NULL,NULL,4898872,6237089,NULL,-1338217,4898872,160,5000,NULL,5000,NULL,7,NULL,5,2,87,73,14533,136080,1940,NULL,NULL,2025000,86000,4,No
Victorville,1571,2023,NULL,1776405,NULL,10545005,309239,185077,NULL,NULL,860552,13676278,NULL,NULL,NULL,NULL,NULL,NULL,3329524,2380610,23850,5028067,NULL,9744648,NULL,20506699,-6830421,3494189,NULL,NULL,NULL,NULL,NULL,NULL,NULL,NULL,NULL,14236886,24002025,41733100,16864762,NULL,NULL,NULL,1914227,18778989,16123690,NULL,NULL,NULL,NULL,369259,369259,NULL,NULL,NULL,NULL,0,16492949,-123650976,NULL,NULL,-107158027,-130315399,NULL,23157372,-107158027,2200,13052,NULL,10447,NULL,83,230,0,16,340,18,11494,2599504,1994,5207,1792,0,NULL,NULL,No
Visalia,1573,2023,522084,213719,2506,149496,1147063,NULL,112183,NULL,135229,2282280,NULL,NULL,NULL,NULL,NULL,NULL,651265,NULL,NULL,1574703,NULL,416938,NULL,2642906,-360626,97813,NULL,NULL,NULL,NULL,NULL,NULL,NULL,NULL,NULL,NULL,250167,347980,NULL,NULL,NULL,NULL,107598,107598,-120244,NULL,NULL,NULL,NULL,174470,174470,NULL,NULL,NULL,NULL,0,54226,11413341,NULL,NULL,11467567,11051935,149414,266218,11467567,806,6561,NULL,6561,NULL,10,NULL,3,1,192,135,68000,271776,1935,NULL,NULL,3500000,NULL,NULL,No
Watsonville,1579,2023,1316398,NULL,NULL,1416924,NULL,NULL,NULL,1341906,7087,4082315,NULL,NULL,NULL,NULL,NULL,NULL,1283996,208194,1205846,257556,621890,396325,NULL,3973807,108508,22308,NULL,NULL,NULL,NULL,NULL,NULL,NULL,NULL,NULL,NULL,NULL,22308,NULL,NULL,NULL,NULL,NULL,0,130816,NULL,NULL,NULL,NULL,NULL,0,NULL,-5056,NULL,NULL,0,125760,9013437,NULL,NULL,9139197,9426485,NULL,-287288,9139197,330,4502,NULL,4502,NULL,3,NULL,7,1,264,221,55630,197913,1948,NULL,NULL,NULL,NULL,NULL,No
Willits,1590,2023,67548,NULL,NULL,NULL,NULL,NULL,NULL,NULL,NULL,67548,NULL,NULL,NULL,NULL,NULL,NULL,58652,136848,42442,35817,NULL,NULL,NULL,273759,-206211,NULL,NULL,NULL,NULL,NULL,NULL,NULL,NULL,NULL,NULL,NULL,NULL,0,NULL,NULL,NULL,NULL,NULL,0,-206211,NULL,NULL,NULL,NULL,NULL,0,NULL,NULL,NULL,NULL,0,-206211,1220708,-17280,Unaudited TB,997217,NULL,NULL,997217,997217,NULL,NULL,NULL,NULL,NULL,NULL,NULL,NULL,NULL,NULL,NULL,NULL,NULL,NULL,NULL,NULL,NULL,NULL,NULL,No
Woodlake,1594,2023,24740,NULL,NULL,NULL,12278,NULL,NULL,NULL,NULL,37018,1732,NULL,NULL,2232,NULL,NULL,5673,42,NULL,16155,500,2344,NULL,28678,8340,466,NULL,NULL,NULL,NULL,NULL,NULL,10000,NULL,NULL,NULL,NULL,10466,NULL,NULL,NULL,NULL,NULL,0,18806,NULL,NULL,NULL,NULL,NULL,0,NULL,NULL,NULL,NULL,0,18806,114366,NULL,NULL,133172,28130,NULL,105042,133172,80,2303,NULL,NULL,NULL,2,NULL,1,NULL,19,22,5015,3929,2005,NULL,NULL,NULL,NULL,NULL,No
